FrameNo, head_x,head_y,head_z,left_shoulder_x,left_shoulder_y,left_shoulder_z,left_elbow_x,left_elbow_y,left_elbow_z,right_shoulder_x,right_shoulder_y,right_shoulder_z,right_elbow_x,right_elbow_y,right_elbow_z,left_hand_x,left_hand_y,left_hand_z,right_hand_x,right_hand_y,right_hand_z,left_hip_x,left_hip_y,left_hip_z,right_hip_x,right_hip_y,right_hip_z,left_knee_x,left_knee_y,left_knee_z,right_knee_x,right_knee_y,right_knee_z,left_foot_x,left_foot_y,left_foot_z,right_foot_x,right_foot_y,right_foot_z
4,-0.004729,0.77666,0.079005,-0.16263,0.58031,0.050002,-0.23308,0.83419,-0.021711,0.17176,0.57159,0.0668,0.28373,0.81283,0.017818,-0.24001,1.1182,-0.064335,0.31345,1.0887,-0.064619,-0.077343,0.000746,-0.040354,0.085153,-0.002909,-0.043466,-0.10984,-0.4618,-0.066766,0.12447,-0.50568,-0.030072,-0.094934,-0.8649,-0.046003,0.12869,-0.88921,-0.025044
5,-0.004329,0.77681,0.079295,-0.16299,0.58003,0.050005,-0.23425,0.84335,-0.024582,0.17176,0.57161,0.066775,0.28352,0.81285,0.017663,-0.24044,1.1275,-0.066011,0.31327,1.0887,-0.065076,-0.077447,0.000838,-0.040594,0.085093,-0.003146,-0.04333,-0.10994,-0.46178,-0.066872,0.12437,-0.50557,-0.030222,-0.094668,-0.86706,-0.047827,0.12836,-0.88738,-0.024976
6,-0.004139,0.77712,0.079069,-0.16319,0.57963,0.04983,-0.23518,0.84806,-0.026439,0.17177,0.57164,0.066693,0.2831,0.81221,0.017655,-0.24063,1.1322,-0.067342,0.31542,1.0665,-0.053405,-0.077598,0.000662,-0.040953,0.085023,-0.003195,-0.043402,-0.1099,-0.46183,-0.067142,0.12431,-0.50552,-0.030231,-0.094782,-0.86729,-0.047997,0.12856,-0.88767,-0.024472
7,-0.003919,0.7779,0.07946,-0.16335,0.57964,0.049096,-0.23462,0.84065,-0.025746,0.17181,0.5716,0.066614,0.28308,0.81221,0.017693,-0.24013,1.1247,-0.067405,0.31588,1.0712,-0.057103,-0.077565,0.000446,-0.041545,0.085061,-0.003421,-0.043416,-0.11015,-0.45907,-0.067948,0.12403,-0.50589,-0.030227,-0.095221,-0.86412,-0.046624,0.12813,-0.88907,-0.024809
8,-0.003645,0.77816,0.079613,-0.1636,0.57952,0.049071,-0.23495,0.84164,-0.026466,0.17182,0.57161,0.066566,0.28293,0.8121,0.017639,-0.24009,1.1257,-0.068226,0.31632,1.0684,-0.055864,-0.077616,0.000276,-0.041905,0.085052,-0.003593,-0.043417,-0.1103,-0.45892,-0.068079,0.12404,-0.50589,-0.030311,-0.095272,-0.86433,-0.046784,0.12812,-0.88869,-0.024809
9,-0.003358,0.7786,0.079714,-0.16365,0.57952,0.04901,-0.23523,0.84275,-0.027398,0.17183,0.57161,0.066516,0.28287,0.81211,0.017609,-0.24,1.1268,-0.0692,0.31685,1.0666,-0.054912,-0.077624,0.000276,-0.042253,0.085052,-0.003593,-0.043417,-0.11042,-0.45869,-0.068226,0.12404,-0.50565,-0.030355,-0.095359,-0.86417,-0.046858,0.12807,-0.88851,-0.024736
10,-0.0031,0.77903,0.079844,-0.16368,0.57956,0.048857,-0.23535,0.84382,-0.028227,0.17185,0.57162,0.066462,0.28282,0.81211,0.017566,-0.23989,1.1279,-0.070278,0.31757,1.0648,-0.053948,-0.077627,0.000276,-0.042628,0.085052,-0.003593,-0.043417,-0.11052,-0.45758,-0.068609,0.12398,-0.50547,-0.030409,-0.095472,-0.86383,-0.046872,0.12803,-0.8883,-0.024739
11,-0.002849,0.77948,0.079911,-0.1637,0.57956,0.048587,-0.23542,0.84485,-0.029188,0.17186,0.57162,0.066413,0.28281,0.81212,0.017514,-0.23977,1.1289,-0.071561,0.31823,1.0648,-0.053746,-0.077617,0.000276,-0.043031,0.085051,-0.003593,-0.043429,-0.11062,-0.45607,-0.069024,0.12393,-0.50543,-0.030413,-0.095583,-0.86348,-0.046882,0.12801,-0.88764,-0.024755
12,-0.002461,0.78084,0.079977,-0.16366,0.58023,0.047728,-0.23531,0.84671,-0.030488,0.17203,0.57244,0.066289,0.28281,0.81269,0.01731,-0.23948,1.1307,-0.07358,0.31916,1.0648,-0.053475,-0.077585,0.000842,-0.043552,0.08506,-0.003209,-0.043496,-0.11069,-0.45441,-0.069423,0.12389,-0.50444,-0.030438,-0.095657,-0.86262,-0.046906,0.12792,-0.88697,-0.024804
13,-0.002078,0.78219,0.080028,-0.16361,0.58092,0.046879,-0.23519,0.84818,-0.031748,0.17219,0.57326,0.066157,0.28282,0.81326,0.017123,-0.23912,1.1321,-0.075599,0.3201,1.0648,-0.053205,-0.077547,0.001402,-0.044003,0.085079,-0.002806,-0.043589,-0.11076,-0.45273,-0.069819,0.12386,-0.50355,-0.030442,-0.095781,-0.8618,-0.046831,0.12782,-0.88664,-0.024691
14,-0.00169,0.78353,0.080065,-0.16356,0.58166,0.046085,-0.23507,0.84914,-0.033024,0.17235,0.57407,0.066011,0.2828,0.81388,0.016947,-0.23874,1.133,-0.077528,0.32098,1.0655,-0.053024,-0.077509,0.001982,-0.04441,0.085112,-0.002402,-0.043677,-0.11077,-0.45143,-0.069993,0.12386,-0.50255,-0.030469,-0.095898,-0.86095,-0.046781,0.12773,-0.88604,-0.024627
15,-0.001322,0.78487,0.080087,-0.16349,0.58235,0.04531,-0.23494,0.85061,-0.034355,0.1725,0.5749,0.065859,0.2828,0.81453,0.01678,-0.23836,1.1343,-0.079562,0.32175,1.0663,-0.052846,-0.077473,0.002574,-0.044782,0.085154,-0.001969,-0.043764,-0.11075,-0.45034,-0.070146,0.12386,-0.50137,-0.03047,-0.096012,-0.86038,-0.046731,0.12761,-0.88531,-0.024521
16,-0.000986,0.78621,0.080119,-0.16338,0.58309,0.044556,-0.23473,0.85206,-0.035696,0.17263,0.57572,0.065698,0.28279,0.81518,0.016641,-0.23794,1.1357,-0.081645,0.32243,1.0673,-0.052625,-0.077432,0.003185,-0.045098,0.085203,-0.001464,-0.043888,-0.11075,-0.44982,-0.070192,0.12386,-0.50079,-0.030486,-0.096116,-0.85958,-0.046692,0.12748,-0.88437,-0.024509
17,-0.000703,0.78749,0.080144,-0.16322,0.58387,0.043806,-0.23449,0.85325,-0.037038,0.17276,0.57655,0.065531,0.28278,0.81581,0.016536,-0.2375,1.1368,-0.083781,0.32285,1.0681,-0.052363,-0.077383,0.003835,-0.045412,0.085256,-0.000954,-0.044,-0.11073,-0.44888,-0.070296,0.12387,-0.50059,-0.030453,-0.096217,-0.85876,-0.04669,0.1274,-0.88349,-0.024432
18,-0.000469,0.78861,0.080138,-0.16302,0.58458,0.043078,-0.23418,0.85446,-0.038231,0.17287,0.57738,0.065342,0.28276,0.81644,0.016461,-0.23698,1.1379,-0.085795,0.32299,1.0691,-0.052019,-0.077325,0.004515,-0.045724,0.085314,-0.000394,-0.04411,-0.11072,-0.4482,-0.070381,0.1239,-0.49941,-0.030462,-0.096304,-0.85798,-0.04668,0.12731,-0.88261,-0.024328
19,-0.000256,0.78971,0.080079,-0.16268,0.58533,0.04215,-0.23377,0.8557,-0.039323,0.17301,0.57822,0.06522,0.28272,0.81708,0.016457,-0.23636,1.1391,-0.087546,0.32295,1.0703,-0.051625,-0.077258,0.005201,-0.046001,0.085388,0.000184,-0.044213,-0.11062,-0.44783,-0.070448,0.12399,-0.49824,-0.030478,-0.096382,-0.85727,-0.046667,0.12729,-0.88173,-0.024302
20,-3.8e-05,0.79075,0.079977,-0.16233,0.58612,0.041234,-0.2334,0.85663,-0.040138,0.17312,0.57907,0.065127,0.28269,0.81777,0.016455,-0.23573,1.14,-0.088968,0.32291,1.0713,-0.051168,-0.077169,0.005966,-0.046217,0.085469,0.000876,-0.044293,-0.11049,-0.44783,-0.070435,0.12413,-0.49745,-0.030494,-0.096436,-0.85657,-0.046647,0.12729,-0.88181,-0.024035
21,-2e-05,0.79075,0.079926,-0.16209,0.58619,0.04085,-0.23296,0.85668,-0.040618,0.17313,0.57913,0.065107,0.28264,0.81783,0.016449,-0.23524,1.14,-0.089653,0.32283,1.0718,-0.050415,-0.077056,0.006033,-0.0463,0.085583,0.001047,-0.04433,-0.11034,-0.44783,-0.070421,0.12431,-0.497,-0.030503,-0.096441,-0.85647,-0.046648,0.1273,-0.88133,-0.024047
22,-7e-06,0.79075,0.079878,-0.16184,0.58623,0.040463,-0.23254,0.85673,-0.041043,0.17313,0.5793,0.065071,0.28255,0.81791,0.016456,-0.23469,1.1401,-0.090238,0.32267,1.0722,-0.049523,-0.076932,0.006109,-0.046383,0.085696,0.001201,-0.044338,-0.1102,-0.44783,-0.070316,0.12447,-0.49644,-0.030527,-0.096441,-0.8564,-0.046648,0.12731,-0.88112,-0.024033
23,-1e-06,0.79075,0.079879,-0.16156,0.58627,0.040036,-0.23209,0.85678,-0.041465,0.17313,0.57951,0.065041,0.28245,0.81799,0.016534,-0.23407,1.1401,-0.090743,0.32212,1.0725,-0.048426,-0.076788,0.006217,-0.046466,0.085813,0.001346,-0.044346,-0.11,-0.44832,-0.070147,0.1247,-0.4959,-0.030552,-0.096464,-0.85631,-0.04665,0.12731,-0.88093,-0.023956
24,-1e-06,0.79071,0.079879,-0.16157,0.58623,0.039632,-0.23206,0.85678,-0.041756,0.17309,0.57951,0.065036,0.28222,0.81791,0.01677,-0.23397,1.1401,-0.091024,0.32115,1.0725,-0.047201,-0.076589,0.006202,-0.046588,0.085949,0.001258,-0.044337,-0.10979,-0.44913,-0.069994,0.12493,-0.49569,-0.030633,-0.096449,-0.85631,-0.046802,0.12737,-0.88098,-0.024019
25,-6e-06,0.79065,0.079878,-0.16156,0.58619,0.039306,-0.23205,0.85677,-0.041955,0.17303,0.57951,0.06503,0.28197,0.81785,0.017081,-0.2339,1.1401,-0.091144,0.32001,1.0725,-0.04604,-0.076362,0.006199,-0.046713,0.086131,0.001233,-0.04432,-0.10957,-0.45007,-0.069816,0.1252,-0.49592,-0.030702,-0.096398,-0.85634,-0.046959,0.12743,-0.88101,-0.024014
26,-2.5e-05,0.79057,0.079881,-0.16156,0.58612,0.039174,-0.23203,0.85672,-0.042101,0.17296,0.57951,0.065054,0.28172,0.8178,0.017399,-0.23387,1.14,-0.091175,0.31888,1.0723,-0.045016,-0.076134,0.006194,-0.04685,0.086311,0.001198,-0.044303,-0.10935,-0.4511,-0.069684,0.12549,-0.49588,-0.030835,-0.096338,-0.85641,-0.047118,0.12752,-0.88106,-0.024005
27,-0.000433,0.79008,0.07996,-0.1616,0.58561,0.039133,-0.23202,0.85625,-0.042167,0.1726,0.57939,0.06507,0.28104,0.81767,0.017822,-0.23387,1.1395,-0.091176,0.31722,1.0722,-0.044033,-0.075898,0.005888,-0.046969,0.086531,0.00101,-0.044282,-0.10886,-0.45173,-0.069633,0.12588,-0.49556,-0.031004,-0.095909,-0.85672,-0.047128,0.12803,-0.88116,-0.023956
28,-0.000845,0.78958,0.080052,-0.16166,0.58509,0.039127,-0.2321,0.85575,-0.042178,0.17224,0.57926,0.065098,0.28037,0.81754,0.018273,-0.23387,1.139,-0.091187,0.31558,1.0721,-0.043049,-0.075624,0.005577,-0.047057,0.086767,0.000785,-0.044184,-0.10841,-0.45261,-0.069535,0.1261,-0.49573,-0.031191,-0.095475,-0.8572,-0.04719,0.1286,-0.88113,-0.024066
29,-0.001252,0.78907,0.080169,-0.16178,0.58454,0.039115,-0.2322,0.85519,-0.042188,0.17189,0.57913,0.065134,0.27974,0.81743,0.018725,-0.23387,1.1385,-0.091187,0.31411,1.0721,-0.042216,-0.075372,0.005263,-0.047114,0.086983,0.000554,-0.044066,-0.10799,-0.45362,-0.06935,0.12634,-0.49618,-0.031407,-0.095026,-0.85764,-0.047281,0.12924,-0.88144,-0.024265
30,-0.001655,0.78855,0.080326,-0.16193,0.58401,0.039101,-0.23238,0.85465,-0.042205,0.17154,0.579,0.0652,0.27914,0.81732,0.019214,-0.23399,1.138,-0.0911,0.31307,1.072,-0.041607,-0.07517,0.004933,-0.047095,0.087162,0.000295,-0.043933,-0.10762,-0.4545,-0.069169,0.12655,-0.49653,-0.031606,-0.094539,-0.85809,-0.047338,0.12979,-0.88181,-0.024462
31,-0.002062,0.78805,0.080501,-0.16225,0.58343,0.039283,-0.23262,0.85408,-0.042192,0.17119,0.57886,0.065226,0.27858,0.81723,0.019647,-0.23425,1.1374,-0.091027,0.3122,1.0719,-0.041116,-0.074963,0.004576,-0.047075,0.087353,3e-06,-0.043767,-0.10726,-0.45526,-0.069035,0.12674,-0.49647,-0.031815,-0.094041,-0.85852,-0.047382,0.13043,-0.88218,-0.024688
32,-0.002459,0.78755,0.080706,-0.16264,0.58284,0.039612,-0.23275,0.85346,-0.042105,0.17085,0.57871,0.06525,0.27805,0.81713,0.020073,-0.23463,1.1368,-0.090906,0.31149,1.0719,-0.04079,-0.074772,0.004165,-0.047057,0.087527,-0.000335,-0.043549,-0.10705,-0.45526,-0.069014,0.12689,-0.49632,-0.031963,-0.093537,-0.85901,-0.047544,0.13104,-0.88251,-0.024961
33,-0.002845,0.78707,0.080966,-0.16304,0.58232,0.039993,-0.23296,0.85289,-0.041952,0.17052,0.57854,0.06526,0.27755,0.81704,0.020531,-0.23507,1.1362,-0.090776,0.31085,1.0719,-0.040496,-0.07464,0.003774,-0.047004,0.087661,-0.000714,-0.043323,-0.10685,-0.45526,-0.069023,0.12704,-0.49666,-0.032086,-0.093046,-0.85947,-0.047655,0.13158,-0.88283,-0.025194
34,-0.003217,0.7866,0.081247,-0.16348,0.58176,0.040444,-0.2332,0.85227,-0.041787,0.1702,0.57825,0.065269,0.27706,0.81689,0.020923,-0.23553,1.1356,-0.090651,0.31037,1.0717,-0.040299,-0.07453,0.003347,-0.046934,0.087758,-0.001053,-0.043103,-0.10667,-0.45526,-0.069003,0.12712,-0.49713,-0.032209,-0.092573,-0.85997,-0.047752,0.13196,-0.88314,-0.025463
35,-0.003585,0.78615,0.081513,-0.16396,0.58119,0.040955,-0.23347,0.85108,-0.041332,0.16988,0.57793,0.06526,0.2766,0.81665,0.021317,-0.23602,1.1344,-0.09045,0.30989,1.0714,-0.040077,-0.074434,0.002884,-0.04684,0.087839,-0.001344,-0.042875,-0.10651,-0.45502,-0.069158,0.12715,-0.49697,-0.032278,-0.092094,-0.86048,-0.047825,0.13233,-0.88353,-0.025687
36,-0.003614,0.78612,0.081748,-0.16408,0.58117,0.04147,-0.2335,0.85056,-0.040966,0.16987,0.57792,0.065268,0.27657,0.81656,0.021606,-0.23604,1.1339,-0.090288,0.30982,1.0711,-0.03996,-0.074403,0.00285,-0.046696,0.08784,-0.001344,-0.042609,-0.1065,-0.45479,-0.069183,0.12715,-0.49697,-0.032278,-0.091976,-0.8606,-0.04786,0.13233,-0.88375,-0.025687
37,-0.003644,0.78609,0.081994,-0.1642,0.58117,0.041953,-0.23354,0.85012,-0.040558,0.16986,0.57792,0.065279,0.27654,0.8165,0.021886,-0.23606,1.1334,-0.090045,0.30976,1.0708,-0.039883,-0.074404,0.002823,-0.04652,0.087828,-0.001344,-0.042361,-0.1065,-0.45465,-0.069182,0.12715,-0.49737,-0.032278,-0.091869,-0.86068,-0.047818,0.13233,-0.88403,-0.025687
38,-0.003667,0.78605,0.08224,-0.16425,0.58117,0.042293,-0.23359,0.84985,-0.04012,0.16986,0.57792,0.065289,0.27651,0.81646,0.022193,-0.2361,1.1331,-0.0897,0.30969,1.0706,-0.039829,-0.074404,0.002823,-0.04631,0.087807,-0.001344,-0.042063,-0.1065,-0.45511,-0.069124,0.12712,-0.49791,-0.03219,-0.091768,-0.8608,-0.047879,0.13233,-0.8843,-0.025687
39,-0.00365,0.78599,0.082549,-0.16431,0.58117,0.042607,-0.23351,0.84961,-0.039577,0.16986,0.57792,0.065302,0.27649,0.81644,0.022482,-0.2361,1.1329,-0.089284,0.30973,1.0705,-0.039732,-0.074427,0.002835,-0.045978,0.087779,-0.001236,-0.041766,-0.10663,-0.45505,-0.069047,0.12694,-0.49893,-0.03194,-0.091707,-0.8608,-0.047844,0.13224,-0.88432,-0.02569
40,-0.003642,0.78591,0.082924,-0.16434,0.58108,0.04296,-0.23343,0.84901,-0.038985,0.16988,0.57792,0.065561,0.27649,0.81636,0.022819,-0.23606,1.1323,-0.088762,0.30989,1.0702,-0.039616,-0.074462,0.002791,-0.045599,0.087732,-0.001236,-0.041437,-0.1068,-0.45505,-0.068986,0.12681,-0.50009,-0.031778,-0.091711,-0.86083,-0.047811,0.1321,-0.88476,-0.025717
41,-0.003625,0.78582,0.083244,-0.16438,0.58105,0.043328,-0.23336,0.84857,-0.038401,0.16989,0.57792,0.065822,0.27649,0.81628,0.02314,-0.23599,1.1319,-0.088203,0.31005,1.0698,-0.039495,-0.074499,0.002748,-0.045218,0.087682,-0.001239,-0.041117,-0.10696,-0.45509,-0.068898,0.12668,-0.50125,-0.031666,-0.091717,-0.861,-0.047746,0.13197,-0.88527,-0.025972
42,-0.003602,0.7857,0.083554,-0.16438,0.58099,0.043707,-0.23328,0.84817,-0.037811,0.16992,0.57792,0.066082,0.2765,0.8162,0.023422,-0.23586,1.1315,-0.087632,0.31015,1.0695,-0.039426,-0.074531,0.002707,-0.044917,0.087628,-0.001334,-0.040783,-0.10714,-0.45571,-0.068719,0.12653,-0.50238,-0.031492,-0.091716,-0.86126,-0.047756,0.13179,-0.88576,-0.026107
43,-0.003395,0.78518,0.084059,-0.16431,0.58081,0.044289,-0.23299,0.84779,-0.037028,0.17008,0.57754,0.066656,0.27671,0.81574,0.023879,-0.2354,1.1311,-0.08691,0.31037,1.0692,-0.039114,-0.074608,0.002465,-0.044498,0.087543,-0.001471,-0.04042,-0.10741,-0.45631,-0.068582,0.12629,-0.50338,-0.031279,-0.091831,-0.86176,-0.047827,0.13158,-0.88626,-0.02627
44,-0.003182,0.78466,0.084583,-0.16423,0.58062,0.04496,-0.23278,0.84759,-0.036437,0.17022,0.57716,0.06737,0.27692,0.81527,0.024365,-0.23486,1.1308,-0.086271,0.31058,1.069,-0.038728,-0.074745,0.002222,-0.043898,0.087422,-0.001555,-0.04007,-0.10757,-0.45667,-0.068509,0.12608,-0.50421,-0.031113,-0.091966,-0.86223,-0.04789,0.13138,-0.88682,-0.026481
45,-0.002995,0.78416,0.085219,-0.16417,0.58046,0.045742,-0.23258,0.84739,-0.035851,0.17035,0.57682,0.068251,0.27712,0.8148,0.024929,-0.2343,1.1306,-0.085727,0.31074,1.0689,-0.038345,-0.074911,0.001936,-0.043199,0.087287,-0.001658,-0.039654,-0.10772,-0.45708,-0.068402,0.12584,-0.50503,-0.030985,-0.092112,-0.86268,-0.04794,0.13126,-0.88728,-0.026711
46,-0.002809,0.78364,0.085846,-0.16406,0.58029,0.046533,-0.23239,0.8473,-0.035312,0.17046,0.5765,0.069153,0.27731,0.81434,0.025489,-0.23375,1.1305,-0.085296,0.3109,1.0688,-0.037946,-0.075065,0.001669,-0.042467,0.08716,-0.001796,-0.039285,-0.10786,-0.45749,-0.068308,0.12558,-0.50563,-0.030836,-0.092161,-0.86314,-0.047945,0.13115,-0.88774,-0.026697
47,-0.002628,0.78312,0.086485,-0.16396,0.5801,0.047362,-0.23218,0.84745,-0.034841,0.17058,0.57615,0.070115,0.27753,0.8139,0.026016,-0.2332,1.1306,-0.085055,0.31108,1.0686,-0.037614,-0.075211,0.001393,-0.041721,0.087049,-0.001952,-0.038971,-0.10802,-0.45869,-0.067995,0.12532,-0.50628,-0.030708,-0.092246,-0.86361,-0.047859,0.13104,-0.88813,-0.026634
48,-0.002436,0.78265,0.08704,-0.1639,0.57989,0.048211,-0.23195,0.84759,-0.034474,0.1707,0.57583,0.07113,0.27775,0.81347,0.026517,-0.23267,1.1307,-0.084953,0.31128,1.0684,-0.037365,-0.075344,0.001143,-0.041091,0.086943,-0.002038,-0.03865,-0.10816,-0.45976,-0.067798,0.12518,-0.50628,-0.030697,-0.092363,-0.86414,-0.047779,0.13092,-0.8885,-0.026603
49,-0.002257,0.78219,0.087567,-0.16385,0.57964,0.049049,-0.23172,0.8476,-0.034161,0.1708,0.57554,0.071978,0.27796,0.81306,0.026987,-0.23218,1.1307,-0.084907,0.31144,1.0683,-0.037169,-0.07546,0.000909,-0.040361,0.086843,-0.002102,-0.038325,-0.10825,-0.4607,-0.067627,0.12504,-0.50628,-0.030657,-0.092504,-0.86525,-0.047625,0.13082,-0.88867,-0.026596
50,-0.00209,0.78175,0.088128,-0.1638,0.57938,0.049843,-0.23149,0.84762,-0.033873,0.1709,0.57524,0.072836,0.27817,0.81264,0.027439,-0.23171,1.1307,-0.084861,0.31174,1.0681,-0.036976,-0.075578,0.000684,-0.039608,0.086744,-0.002262,-0.038029,-0.10834,-0.4615,-0.067459,0.12488,-0.50628,-0.030624,-0.092673,-0.86594,-0.047485,0.13073,-0.88878,-0.026589
51,-0.00193,0.78134,0.088659,-0.16376,0.57906,0.050549,-0.23125,0.84761,-0.033615,0.17099,0.57493,0.073762,0.27838,0.81223,0.027888,-0.23113,1.1307,-0.084806,0.31206,1.0677,-0.036779,-0.07569,0.000397,-0.038787,0.086647,-0.002435,-0.03772,-0.10843,-0.46169,-0.067233,0.12475,-0.50561,-0.030652,-0.092872,-0.86651,-0.047373,0.13064,-0.88889,-0.026832
52,-0.001963,0.78131,0.089031,-0.16376,0.57897,0.051069,-0.23122,0.8476,-0.033554,0.17096,0.57492,0.07442,0.2784,0.81222,0.028147,-0.23086,1.1306,-0.084866,0.31218,1.0674,-0.036727,-0.075811,0.000339,-0.038054,0.086546,-0.002498,-0.037426,-0.10846,-0.462,-0.066978,0.12469,-0.50508,-0.030657,-0.092994,-0.86686,-0.047343,0.1306,-0.88899,-0.026983
53,-0.001996,0.78126,0.089408,-0.16378,0.57891,0.051531,-0.23119,0.8476,-0.033551,0.17094,0.57492,0.074972,0.27842,0.81221,0.028395,-0.23059,1.1306,-0.084992,0.31234,1.0671,-0.036687,-0.075881,0.000284,-0.03752,0.08649,-0.002556,-0.037097,-0.10848,-0.46216,-0.066732,0.12464,-0.50447,-0.030714,-0.093113,-0.86718,-0.047237,0.13049,-0.88904,-0.026994
54,-0.002018,0.78121,0.089637,-0.16379,0.57883,0.051843,-0.23115,0.8476,-0.033547,0.17093,0.57491,0.07539,0.27843,0.8122,0.028568,-0.23031,1.1306,-0.085175,0.31249,1.0669,-0.036643,-0.075932,0.00023,-0.037082,0.086453,-0.00261,-0.036856,-0.1085,-0.46239,-0.066508,0.12462,-0.5042,-0.030749,-0.09321,-0.8673,-0.047192,0.13038,-0.88911,-0.027004
55,-0.002012,0.78121,0.089707,-0.16378,0.57883,0.05195,-0.23111,0.84762,-0.033544,0.17092,0.575,0.075686,0.27847,0.81222,0.028571,-0.23004,1.1307,-0.085503,0.31265,1.0669,-0.036691,-0.075968,0.000277,-0.03671,0.086429,-0.002548,-0.036601,-0.10846,-0.46239,-0.066337,0.12459,-0.50343,-0.030731,-0.093279,-0.86719,-0.047057,0.13037,-0.88911,-0.027006
56,-0.002011,0.78121,0.089744,-0.16377,0.57883,0.05201,-0.23107,0.84767,-0.033581,0.17091,0.57507,0.075924,0.27849,0.81222,0.028573,-0.22959,1.1307,-0.0859,0.31282,1.067,-0.036805,-0.075983,0.000277,-0.036365,0.086404,-0.002485,-0.036341,-0.10842,-0.46239,-0.066238,0.12455,-0.50288,-0.030706,-0.093345,-0.86718,-0.046917,0.13025,-0.88911,-0.026925
57,-0.00202,0.78122,0.089743,-0.16375,0.57883,0.052056,-0.23103,0.84771,-0.033628,0.17089,0.57513,0.076113,0.27851,0.81223,0.028576,-0.22915,1.1307,-0.086254,0.313,1.067,-0.03694,-0.076009,0.000278,-0.036032,0.086384,-0.002379,-0.036107,-0.10837,-0.4621,-0.066135,0.12451,-0.50236,-0.030693,-0.093444,-0.86718,-0.046777,0.13012,-0.88911,-0.026841
58,-0.002031,0.78173,0.089742,-0.16375,0.57947,0.052102,-0.23097,0.84851,-0.033933,0.17089,0.57594,0.076229,0.27853,0.81303,0.028532,-0.22878,1.1314,-0.086965,0.31326,1.0672,-0.037416,-0.076015,0.001026,-0.035841,0.086376,-0.001707,-0.035924,-0.10831,-0.46107,-0.066055,0.12446,-0.5017,-0.030674,-0.093404,-0.86732,-0.046565,0.1299,-0.88855,-0.026441
59,-0.002042,0.78223,0.089741,-0.16376,0.58012,0.052148,-0.23092,0.8485,-0.034208,0.17091,0.57672,0.076353,0.27856,0.81384,0.028463,-0.22851,1.1314,-0.087518,0.31349,1.0672,-0.037832,-0.076016,0.001743,-0.035702,0.086375,-0.001054,-0.035752,-0.10824,-0.46019,-0.066049,0.12438,-0.50139,-0.03061,-0.093312,-0.86748,-0.046337,0.1297,-0.88779,-0.025994
60,-0.00205,0.78266,0.089706,-0.16376,0.58075,0.052198,-0.23089,0.8485,-0.034528,0.17092,0.57747,0.076397,0.27858,0.81464,0.028364,-0.22845,1.1314,-0.088129,0.31376,1.0673,-0.038286,-0.076007,0.002451,-0.035636,0.086399,-0.000425,-0.035593,-0.10821,-0.45921,-0.066046,0.12432,-0.50116,-0.030597,-0.093265,-0.8674,-0.046157,0.12958,-0.88698,-0.025623
61,-0.002058,0.78294,0.089615,-0.16378,0.5814,0.052207,-0.23086,0.8486,-0.034864,0.17093,0.5782,0.076444,0.27863,0.81545,0.028239,-0.2284,1.1314,-0.088718,0.3141,1.0674,-0.038774,-0.075988,0.003118,-0.035561,0.086422,0.000205,-0.035459,-0.10821,-0.45839,-0.066046,0.12423,-0.50072,-0.030605,-0.093391,-0.86659,-0.046093,0.1295,-0.88653,-0.025594
62,-0.002057,0.78322,0.08948,-0.16381,0.58204,0.052202,-0.23082,0.8486,-0.035208,0.17094,0.57891,0.076505,0.27868,0.81625,0.028098,-0.22834,1.1314,-0.089337,0.31448,1.068,-0.039339,-0.075965,0.003788,-0.035489,0.086457,0.000811,-0.035355,-0.10821,-0.45707,-0.06606,0.12415,-0.50018,-0.030614,-0.093491,-0.86622,-0.045929,0.12944,-0.88609,-0.025479
63,-0.002042,0.78353,0.089303,-0.16386,0.58267,0.052187,-0.23083,0.84857,-0.035768,0.17095,0.5796,0.076548,0.27876,0.81705,0.027912,-0.2283,1.1314,-0.090034,0.3149,1.0684,-0.039915,-0.075943,0.004425,-0.035421,0.086522,0.001397,-0.035269,-0.10819,-0.45601,-0.066242,0.12406,-0.49969,-0.030625,-0.093601,-0.86592,-0.045828,0.12943,-0.88566,-0.02539
64,-0.002013,0.78385,0.089038,-0.1639,0.58329,0.052151,-0.23089,0.84789,-0.036353,0.17097,0.58026,0.076563,0.27885,0.81786,0.027692,-0.22835,1.1306,-0.090856,0.3155,1.069,-0.040636,-0.075954,0.005025,-0.035359,0.086587,0.001849,-0.035187,-0.10817,-0.45601,-0.066525,0.12397,-0.49912,-0.030747,-0.093657,-0.86569,-0.045752,0.1294,-0.88523,-0.025105
65,-0.001978,0.78424,0.088745,-0.16395,0.58391,0.052081,-0.23098,0.84747,-0.036961,0.171,0.5809,0.076513,0.27898,0.81867,0.027399,-0.22852,1.1301,-0.091642,0.31613,1.0695,-0.041372,-0.07596,0.005615,-0.035293,0.08665,0.002311,-0.035112,-0.10809,-0.45516,-0.066964,0.1239,-0.49847,-0.030941,-0.093682,-0.86543,-0.045658,0.12937,-0.88477,-0.024902
66,-0.001937,0.78463,0.088447,-0.16401,0.58454,0.052027,-0.23109,0.84735,-0.03766,0.17103,0.58155,0.076425,0.27912,0.81945,0.027072,-0.22878,1.1299,-0.092533,0.31685,1.0699,-0.042186,-0.075944,0.006175,-0.035227,0.086708,0.002773,-0.034994,-0.10802,-0.45462,-0.067414,0.12384,-0.49779,-0.031266,-0.093675,-0.86507,-0.045556,0.12934,-0.88437,-0.02472
67,-0.001909,0.78471,0.088297,-0.16408,0.58454,0.05202,-0.23124,0.84747,-0.038187,0.17107,0.58156,0.076368,0.27926,0.81945,0.02691,-0.22916,1.1299,-0.093266,0.31757,1.0699,-0.042741,-0.075936,0.006181,-0.03516,0.086741,0.002773,-0.034831,-0.10797,-0.45385,-0.067904,0.12378,-0.49719,-0.031603,-0.093648,-0.86472,-0.045553,0.12929,-0.88437,-0.024493
68,-0.00188,0.7848,0.088157,-0.16414,0.58454,0.051945,-0.23154,0.84765,-0.038822,0.17111,0.58156,0.076318,0.27946,0.81945,0.026581,-0.22983,1.13,-0.094294,0.31843,1.0699,-0.043527,-0.075934,0.006181,-0.035084,0.086774,0.002773,-0.034662,-0.10788,-0.45385,-0.068564,0.12373,-0.4966,-0.031923,-0.093609,-0.86455,-0.04555,0.12925,-0.88435,-0.024369
69,-0.001848,0.78483,0.088049,-0.16423,0.58454,0.051868,-0.23196,0.84792,-0.039603,0.17118,0.58156,0.076277,0.2797,0.81945,0.026137,-0.23059,1.1301,-0.095615,0.31933,1.0699,-0.04448,-0.075947,0.006181,-0.034947,0.0868,0.002773,-0.03452,-0.10781,-0.45385,-0.069246,0.12377,-0.4966,-0.032308,-0.093557,-0.8644,-0.045545,0.1292,-0.88423,-0.024243
70,-0.001815,0.78465,0.087945,-0.16432,0.58446,0.051859,-0.2324,0.8474,-0.040471,0.17124,0.58144,0.076279,0.27997,0.8194,0.025658,-0.23131,1.1294,-0.097059,0.32018,1.0696,-0.04547,-0.075956,0.006007,-0.034856,0.086828,0.002612,-0.034358,-0.10776,-0.45431,-0.069959,0.12382,-0.49681,-0.032911,-0.093526,-0.86446,-0.045634,0.12921,-0.88428,-0.024369
71,-0.001777,0.78444,0.087811,-0.1644,0.58437,0.051852,-0.23285,0.847,-0.041423,0.17128,0.58131,0.076249,0.2803,0.81934,0.025052,-0.23198,1.129,-0.09869,0.32116,1.0692,-0.046677,-0.075966,0.005824,-0.034754,0.086856,0.002444,-0.034167,-0.10766,-0.45476,-0.07068,0.1239,-0.49723,-0.033692,-0.093497,-0.86472,-0.045771,0.12924,-0.88465,-0.024635
72,-0.00167,0.78429,0.087606,-0.16445,0.58427,0.051812,-0.23327,0.84658,-0.042236,0.17135,0.5812,0.07619,0.28066,0.81923,0.024433,-0.23256,1.1285,-0.10032,0.32221,1.0688,-0.04802,-0.075987,0.005583,-0.034623,0.08687,0.002251,-0.03394,-0.1076,-0.45512,-0.071377,0.12398,-0.4978,-0.034537,-0.093444,-0.86501,-0.045889,0.12925,-0.885,-0.024821
73,-0.001548,0.7842,0.08742,-0.16448,0.58418,0.05172,-0.23367,0.84616,-0.043099,0.17144,0.58099,0.076003,0.28109,0.81904,0.023703,-0.23313,1.1279,-0.10209,0.32322,1.0686,-0.04937,-0.076082,0.005213,-0.034423,0.086888,0.001964,-0.033681,-0.10751,-0.45543,-0.072111,0.1241,-0.49813,-0.035449,-0.093421,-0.86501,-0.04613,0.12927,-0.88516,-0.024976
74,-0.001415,0.78377,0.087186,-0.16452,0.58375,0.051606,-0.23408,0.84654,-0.043931,0.17155,0.58023,0.075651,0.28163,0.81834,0.022864,-0.23362,1.1279,-0.104,0.32444,1.0681,-0.051042,-0.076144,0.004362,-0.034178,0.086915,0.001226,-0.033418,-0.10738,-0.4561,-0.073081,0.12426,-0.49818,-0.036611,-0.093386,-0.8651,-0.046494,0.12924,-0.88557,-0.025153
75,-0.001235,0.78329,0.086882,-0.16456,0.58329,0.051445,-0.23448,0.84617,-0.044728,0.17168,0.57942,0.075231,0.28226,0.81756,0.021894,-0.23403,1.1273,-0.1062,0.32577,1.0674,-0.053095,-0.076176,0.003522,-0.033936,0.086952,0.000473,-0.033192,-0.10713,-0.45697,-0.074251,0.12444,-0.49813,-0.037895,-0.093331,-0.86568,-0.046881,0.12915,-0.88594,-0.02531
76,-0.000989,0.78275,0.086336,-0.16459,0.58282,0.051273,-0.23494,0.84551,-0.045683,0.17181,0.57846,0.074652,0.28295,0.81668,0.020773,-0.23436,1.1264,-0.10862,0.32715,1.0664,-0.055375,-0.076201,0.00262,-0.033669,0.087023,-0.000256,-0.033002,-0.10683,-0.45766,-0.075572,0.12472,-0.49832,-0.039422,-0.093101,-0.86682,-0.047358,0.1291,-0.88617,-0.025314
77,-0.000696,0.78221,0.085685,-0.16462,0.58225,0.050961,-0.23525,0.84551,-0.046683,0.17196,0.57751,0.073963,0.28373,0.81567,0.019548,-0.23464,1.1262,-0.11107,0.32839,1.0653,-0.057671,-0.076229,0.001597,-0.033379,0.087161,-0.00103,-0.032797,-0.10652,-0.45854,-0.07697,0.1251,-0.49866,-0.041325,-0.092799,-0.86828,-0.048049,0.12907,-0.88653,-0.025342
78,-0.000365,0.78152,0.084937,-0.16459,0.58165,0.050615,-0.23547,0.84551,-0.047738,0.17218,0.57642,0.07317,0.28459,0.81456,0.018273,-0.23483,1.1262,-0.11355,0.32964,1.0641,-0.060083,-0.07625,0.000591,-0.033156,0.087388,-0.001884,-0.032559,-0.10615,-0.45965,-0.078757,0.12559,-0.49907,-0.043617,-0.092492,-0.86979,-0.048736,0.12904,-0.8869,-0.025382
79,-2.1e-05,0.78074,0.084074,-0.16455,0.58098,0.050182,-0.2357,0.84551,-0.049046,0.17244,0.57511,0.072216,0.28552,0.81339,0.016865,-0.23501,1.1262,-0.11619,0.33099,1.0631,-0.062684,-0.076248,-0.000539,-0.032921,0.087677,-0.002909,-0.032162,-0.10574,-0.45981,-0.080922,0.12617,-0.49941,-0.045958,-0.092181,-0.87137,-0.049416,0.12905,-0.88727,-0.025557
80,0.000418,0.77975,0.083018,-0.1645,0.58021,0.049679,-0.23591,0.84447,-0.050383,0.17271,0.5738,0.071203,0.28655,0.81211,0.015311,-0.23539,1.1249,-0.11905,0.33226,1.0621,-0.065361,-0.076155,-0.001766,-0.032679,0.088068,-0.003984,-0.031776,-0.10529,-0.46057,-0.083361,0.1269,-0.49962,-0.048534,-0.091828,-0.87304,-0.050004,0.12908,-0.88768,-0.025867
81,0.00085,0.77858,0.081828,-0.16443,0.57915,0.04894,-0.23602,0.84299,-0.051935,0.17304,0.57242,0.070145,0.28765,0.81074,0.013377,-0.23576,1.1231,-0.12192,0.33361,1.0605,-0.068185,-0.076009,-0.003104,-0.032439,0.088598,-0.005231,-0.031383,-0.10476,-0.46104,-0.086302,0.1277,-0.49962,-0.051333,-0.091444,-0.87484,-0.050567,0.12911,-0.88801,-0.02619
82,0.001277,0.77725,0.080499,-0.16426,0.57788,0.048119,-0.23607,0.84082,-0.053499,0.17337,0.57097,0.069087,0.28881,0.80936,0.011359,-0.23607,1.1205,-0.12471,0.33493,1.0589,-0.071088,-0.075836,-0.004497,-0.032382,0.089197,-0.006533,-0.031135,-0.1042,-0.46181,-0.089636,0.12862,-0.49962,-0.05432,-0.091052,-0.87646,-0.051074,0.12915,-0.8884,-0.026557
83,0.001759,0.77624,0.079107,-0.16404,0.57689,0.047165,-0.23604,0.83876,-0.05536,0.17372,0.56993,0.068046,0.28994,0.80841,0.009266,-0.23639,1.1176,-0.12773,0.33615,1.0573,-0.073997,-0.075623,-0.005508,-0.032343,0.089855,-0.007496,-0.030925,-0.10365,-0.46255,-0.092857,0.12961,-0.49962,-0.057206,-0.090601,-0.87786,-0.051451,0.12943,-0.88863,-0.02724
84,0.002281,0.77507,0.077541,-0.16373,0.57583,0.046084,-0.23595,0.8363,-0.057386,0.17413,0.56884,0.06699,0.29118,0.80736,0.006896,-0.2367,1.1142,-0.13056,0.3374,1.0556,-0.077046,-0.075334,-0.006625,-0.032305,0.090594,-0.008546,-0.030727,-0.10312,-0.46307,-0.096513,0.13071,-0.49929,-0.060142,-0.09017,-0.87898,-0.051808,0.12974,-0.88881,-0.027927
85,0.002903,0.77388,0.075922,-0.16324,0.57459,0.044734,-0.23576,0.83341,-0.059573,0.17466,0.56769,0.065789,0.29249,0.80621,0.004032,-0.23701,1.1109,-0.13348,0.33866,1.0539,-0.080388,-0.074939,-0.007888,-0.032263,0.091415,-0.009745,-0.030562,-0.10262,-0.4638,-0.10022,0.1319,-0.49901,-0.063306,-0.08989,-0.87955,-0.052069,0.13007,-0.88898,-0.028712
86,0.003536,0.77266,0.074283,-0.16274,0.57338,0.043494,-0.23556,0.83037,-0.061655,0.17529,0.56615,0.064427,0.29371,0.8051,0.001306,-0.23729,1.1076,-0.13649,0.33994,1.0522,-0.083725,-0.074544,-0.009212,-0.032225,0.092233,-0.01101,-0.03044,-0.10213,-0.46442,-0.10377,0.13312,-0.49806,-0.066255,-0.089659,-0.87969,-0.052235,0.13043,-0.88914,-0.029444
87,0.004176,0.77176,0.072617,-0.1622,0.57234,0.042229,-0.2355,0.82725,-0.063613,0.17594,0.56514,0.063057,0.2949,0.80409,-0.001423,-0.23753,1.1042,-0.13973,0.34096,1.0509,-0.087089,-0.074105,-0.010417,-0.032183,0.093055,-0.011987,-0.030361,-0.10168,-0.46468,-0.10715,0.13434,-0.49715,-0.068978,-0.08944,-0.87969,-0.052294,0.13084,-0.88914,-0.030311
88,0.004833,0.77068,0.070841,-0.16167,0.57113,0.040942,-0.23548,0.82425,-0.065334,0.17662,0.56408,0.061699,0.29614,0.80303,-0.004237,-0.23777,1.1007,-0.14299,0.34184,1.0496,-0.090712,-0.073542,-0.011679,-0.032158,0.094022,-0.012957,-0.030269,-0.10127,-0.46495,-0.11024,0.13552,-0.49623,-0.071697,-0.089215,-0.87969,-0.052427,0.1312,-0.88914,-0.031197
89,0.00551,0.7695,0.069073,-0.16105,0.57002,0.039641,-0.23544,0.82199,-0.067167,0.17733,0.56291,0.060233,0.29729,0.80199,-0.007287,-0.23786,1.0975,-0.14616,0.34265,1.0482,-0.094447,-0.073046,-0.012861,-0.032172,0.094945,-0.013986,-0.03018,-0.10089,-0.46521,-0.11321,0.13664,-0.49518,-0.074257,-0.089038,-0.87947,-0.052558,0.13161,-0.88898,-0.032006
90,0.006247,0.76845,0.067184,-0.16045,0.56911,0.038341,-0.23543,0.81968,-0.069185,0.17808,0.56174,0.058567,0.29844,0.80105,-0.010417,-0.23835,1.0945,-0.14981,0.34336,1.0472,-0.098849,-0.072539,-0.013988,-0.032214,0.095815,-0.014823,-0.03012,-0.10049,-0.46529,-0.11586,0.1381,-0.49342,-0.076768,-0.08863,-0.87874,-0.052685,0.13234,-0.88845,-0.032759
91,0.007039,0.7675,0.064922,-0.15985,0.56839,0.036958,-0.23533,0.8177,-0.071499,0.17883,0.56066,0.056697,0.29957,0.80006,-0.013786,-0.23892,1.0918,-0.15352,0.34402,1.0463,-0.1038,-0.072016,-0.014944,-0.032234,0.096712,-0.015528,-0.030298,-0.1002,-0.46483,-0.11831,0.13962,-0.49156,-0.079166,-0.088249,-0.87821,-0.052819,0.13307,-0.88806,-0.033475
92,0.007807,0.76658,0.062674,-0.15926,0.56768,0.035651,-0.23523,0.81571,-0.073782,0.17962,0.55972,0.05484,0.30068,0.79895,-0.017187,-0.23953,1.0894,-0.15717,0.34463,1.0456,-0.10898,-0.071453,-0.015837,-0.032313,0.097641,-0.01625,-0.030469,-0.099985,-0.46483,-0.1206,0.14152,-0.48972,-0.081611,-0.087975,-0.87765,-0.052938,0.13358,-0.88744,-0.03365
93,0.008574,0.76575,0.060545,-0.1587,0.567,0.034379,-0.23512,0.814,-0.076057,0.18047,0.55871,0.052865,0.30167,0.79797,-0.020673,-0.24016,1.0872,-0.16109,0.34525,1.0448,-0.11402,-0.070924,-0.016754,-0.032365,0.098524,-0.01691,-0.030725,-0.099804,-0.46511,-0.12248,0.1435,-0.48762,-0.084007,-0.087715,-0.87694,-0.053075,0.13407,-0.8868,-0.033646
94,0.009214,0.76477,0.05848,-0.1583,0.56635,0.033376,-0.23507,0.81263,-0.078259,0.18133,0.55785,0.050944,0.3026,0.79717,-0.023889,-0.24082,1.0846,-0.16507,0.346,1.0441,-0.11919,-0.07041,-0.01748,-0.032366,0.099391,-0.017604,-0.030938,-0.0996,-0.46561,-0.12483,0.14568,-0.48496,-0.08614,-0.087465,-0.87625,-0.053182,0.13461,-0.88604,-0.033718
95,0.009922,0.7636,0.056268,-0.15784,0.56564,0.032219,-0.23496,0.81112,-0.080737,0.18219,0.55669,0.049162,0.30354,0.79631,-0.027439,-0.2415,1.0816,-0.16908,0.34686,1.0429,-0.12482,-0.069785,-0.018343,-0.032401,0.10036,-0.018322,-0.031168,-0.099407,-0.46627,-0.12714,0.14786,-0.4825,-0.088127,-0.087196,-0.87555,-0.053293,0.13515,-0.8853,-0.033847
96,0.010627,0.76234,0.054127,-0.15736,0.56483,0.030945,-0.2349,0.80952,-0.083383,0.18301,0.55566,0.047418,0.305,0.79538,-0.032518,-0.24223,1.0785,-0.173,0.34765,1.0417,-0.13061,-0.069154,-0.019286,-0.032434,0.10132,-0.019062,-0.0314,-0.099247,-0.46729,-0.12935,0.15008,-0.47996,-0.089974,-0.086975,-0.87484,-0.053323,0.13567,-0.88458,-0.033967
97,0.011324,0.76074,0.05185,-0.15669,0.56347,0.029278,-0.23486,0.80758,-0.086598,0.18378,0.55453,0.045553,0.30635,0.79454,-0.037376,-0.24297,1.0751,-0.17744,0.34838,1.0399,-0.13644,-0.068552,-0.020393,-0.032479,0.10224,-0.020017,-0.031708,-0.099162,-0.46742,-0.13149,0.15265,-0.47728,-0.092017,-0.086777,-0.87411,-0.053349,0.13617,-0.8837,-0.033976
98,0.011923,0.75921,0.049625,-0.15601,0.56208,0.027628,-0.23484,0.80559,-0.090076,0.18454,0.5533,0.043671,0.30764,0.79374,-0.041793,-0.24367,1.0718,-0.18187,0.34908,1.0378,-0.14214,-0.067848,-0.021623,-0.032552,0.10322,-0.020977,-0.032049,-0.099122,-0.46742,-0.13345,0.15524,-0.47478,-0.093932,-0.086581,-0.87332,-0.053417,0.1367,-0.88267,-0.033946
99,0.012446,0.7575,0.047514,-0.15521,0.55985,0.025681,-0.23463,0.80352,-0.093424,0.18524,0.55185,0.041708,0.30879,0.79284,-0.046715,-0.24409,1.0682,-0.18641,0.34965,1.0357,-0.1473,-0.067113,-0.022996,-0.032703,0.10434,-0.022147,-0.03249,-0.099112,-0.46705,-0.13519,0.15771,-0.47317,-0.095666,-0.08657,-0.87311,-0.053533,0.13689,-0.88229,-0.033861
100,0.012947,0.75551,0.045459,-0.15437,0.55737,0.023679,-0.23442,0.80137,-0.096864,0.18592,0.55045,0.040002,0.31002,0.79198,-0.051259,-0.24448,1.0642,-0.19122,0.35014,1.0334,-0.15211,-0.066288,-0.024545,-0.032929,0.10548,-0.023195,-0.032927,-0.099331,-0.46636,-0.13709,0.16045,-0.47147,-0.097225,-0.086557,-0.87278,-0.053666,0.13708,-0.8819,-0.03371
101,0.013452,0.75345,0.043254,-0.15349,0.55489,0.021536,-0.23425,0.79823,-0.10042,0.18659,0.54849,0.037817,0.31122,0.79095,-0.055653,-0.2449,1.0603,-0.19612,0.35066,1.031,-0.15688,-0.065441,-0.026102,-0.033168,0.10664,-0.024421,-0.033455,-0.099721,-0.46521,-0.13902,0.16306,-0.46988,-0.098512,-0.086544,-0.87215,-0.053803,0.13725,-0.88152,-0.033355
102,0.013939,0.75127,0.040915,-0.15258,0.55205,0.019391,-0.23398,0.79458,-0.1039,0.18723,0.54607,0.035633,0.31238,0.78969,-0.059643,-0.24538,1.0563,-0.20098,0.35166,1.0283,-0.16171,-0.064541,-0.027976,-0.033407,0.10788,-0.02622,-0.03398,-0.10041,-0.46618,-0.14082,0.16562,-0.46977,-0.099589,-0.086631,-0.87231,-0.053982,0.13747,-0.88152,-0.033334
103,0.014454,0.74911,0.038623,-0.15162,0.54908,0.017111,-0.23374,0.79105,-0.10738,0.18782,0.54348,0.033268,0.31368,0.78757,-0.0641,-0.24588,1.0524,-0.20579,0.35284,1.0254,-0.16674,-0.063615,-0.029868,-0.033692,0.10907,-0.027993,-0.03445,-0.10113,-0.46708,-0.14192,0.16818,-0.46969,-0.10043,-0.086808,-0.87234,-0.054307,0.1377,-0.88152,-0.033312
104,0.014915,0.74711,0.036332,-0.15063,0.54608,0.014777,-0.23341,0.78772,-0.11084,0.18847,0.541,0.030939,0.31494,0.78558,-0.068349,-0.24637,1.0488,-0.21039,0.35409,1.0228,-0.17156,-0.062698,-0.03168,-0.034011,0.11026,-0.029652,-0.034918,-0.10199,-0.46791,-0.14304,0.17099,-0.46962,-0.10131,-0.086976,-0.87235,-0.054643,0.13793,-0.88153,-0.033289
105,0.015518,0.74345,0.034104,-0.14952,0.54159,0.012536,-0.23309,0.78288,-0.1142,0.18909,0.53672,0.028649,0.31562,0.7819,-0.070895,-0.24689,1.0437,-0.21473,0.35547,1.0187,-0.17599,-0.061728,-0.03508,-0.034358,0.1115,-0.032914,-0.035373,-0.10297,-0.46872,-0.14411,0.17375,-0.46957,-0.10238,-0.087224,-0.87299,-0.055401,0.13817,-0.8825,-0.033301
106,0.016187,0.74001,0.032079,-0.14844,0.53752,0.010664,-0.23297,0.77821,-0.117,0.18973,0.53259,0.02649,0.31633,0.77817,-0.07345,-0.24734,1.0388,-0.21849,0.35691,1.0146,-0.18039,-0.060825,-0.038351,-0.034696,0.11256,-0.036114,-0.035715,-0.10394,-0.47026,-0.14524,0.17626,-0.46994,-0.1031,-0.087533,-0.87365,-0.056223,0.13849,-0.88356,-0.033332
107,0.016938,0.73648,0.029919,-0.14727,0.53333,0.008717,-0.2329,0.77354,-0.11944,0.19046,0.52852,0.024437,0.31749,0.77398,-0.076724,-0.2478,1.034,-0.22237,0.35844,1.0109,-0.18478,-0.060012,-0.041579,-0.035066,0.11359,-0.039353,-0.036012,-0.10492,-0.47008,-0.14641,0.17878,-0.47048,-0.10375,-0.087946,-0.87442,-0.057025,0.13874,-0.8847,-0.033529
108,0.017789,0.73293,0.027765,-0.14617,0.52979,0.007173,-0.23269,0.76896,-0.12167,0.19122,0.52428,0.022338,0.31853,0.76949,-0.079333,-0.24811,1.0294,-0.2258,0.36006,1.0069,-0.18917,-0.059208,-0.044863,-0.03539,0.11451,-0.042697,-0.036175,-0.10593,-0.46939,-0.14766,0.18115,-0.47103,-0.10449,-0.088414,-0.8754,-0.057787,0.13903,-0.8858,-0.033887
109,0.018701,0.72955,0.025775,-0.14508,0.52645,0.00568,-0.23242,0.76423,-0.12449,0.19204,0.51996,0.020094,0.31989,0.76473,-0.08253,-0.24842,1.0251,-0.22925,0.36175,1.0032,-0.19348,-0.058508,-0.048189,-0.035651,0.1154,-0.046301,-0.036281,-0.10671,-0.46863,-0.14875,0.18313,-0.47192,-0.10536,-0.088881,-0.87634,-0.058561,0.13937,-0.88702,-0.034139
110,0.019717,0.726,0.023638,-0.14402,0.52321,0.004196,-0.23203,0.76013,-0.12736,0.19293,0.516,0.01815,0.32119,0.75995,-0.086091,-0.24865,1.0209,-0.23253,0.36361,0.99941,-0.1978,-0.057891,-0.05162,-0.035891,0.11633,-0.0498,-0.036296,-0.10732,-0.46795,-0.14986,0.18487,-0.47304,-0.10641,-0.089348,-0.87743,-0.05933,0.1397,-0.88852,-0.034308
111,0.020901,0.72221,0.021252,-0.14286,0.51981,0.002497,-0.23154,0.75667,-0.13024,0.19393,0.51155,0.015756,0.32264,0.75472,-0.089823,-0.24885,1.0168,-0.23594,0.36566,0.99545,-0.20245,-0.057349,-0.055152,-0.035991,0.11716,-0.053524,-0.036267,-0.10767,-0.46795,-0.15144,0.18664,-0.47419,-0.10775,-0.089836,-0.8787,-0.060146,0.14002,-0.88949,-0.034505
112,0.022206,0.71825,0.018766,-0.14158,0.5162,0.000645,-0.231,0.75242,-0.13297,0.19488,0.50722,0.013504,0.32415,0.74992,-0.09307,-0.24906,1.0129,-0.2394,0.36777,0.99149,-0.20685,-0.056917,-0.05897,-0.03595,0.11796,-0.057616,-0.036192,-0.10797,-0.46885,-0.15305,0.18819,-0.47528,-0.10929,-0.090318,-0.88011,-0.06091,0.14066,-0.89077,-0.035205
113,0.023699,0.71382,0.015862,-0.14028,0.51262,-0.001263,-0.23042,0.74819,-0.13558,0.19573,0.50265,0.010869,0.32577,0.74471,-0.09653,-0.24922,1.009,-0.24305,0.36987,0.98753,-0.21123,-0.056546,-0.062923,-0.035914,0.1186,-0.06183,-0.03613,-0.10808,-0.47031,-0.15474,0.18961,-0.47634,-0.11105,-0.090692,-0.88188,-0.061711,0.14133,-0.89177,-0.035934
114,0.025064,0.71102,0.012675,-0.13908,0.51039,-0.003305,-0.22985,0.74545,-0.13827,0.19658,0.49952,0.007973,0.32759,0.74067,-0.10025,-0.24932,1.0066,-0.24677,0.37187,0.98491,-0.21615,-0.056312,-0.065588,-0.035892,0.11914,-0.064687,-0.036075,-0.10801,-0.47152,-0.15635,0.19103,-0.47682,-0.11284,-0.090962,-0.88251,-0.062119,0.14216,-0.89185,-0.036522
115,0.026486,0.70812,0.009205,-0.13788,0.50809,-0.005593,-0.22919,0.74255,-0.14103,0.19744,0.49604,0.004789,0.32942,0.73634,-0.10435,-0.24934,1.0044,-0.25092,0.37368,0.98235,-0.22078,-0.056117,-0.068487,-0.03579,0.11968,-0.067849,-0.035955,-0.10792,-0.47244,-0.1579,0.19233,-0.47731,-0.11468,-0.091114,-0.8831,-0.062457,0.14305,-0.89198,-0.037296
116,0.027963,0.7052,0.005658,-0.13662,0.50544,-0.008245,-0.2284,0.73944,-0.14424,0.1982,0.49259,0.001688,0.33103,0.73216,-0.10824,-0.24921,1.002,-0.25514,0.37552,0.97968,-0.22565,-0.055946,-0.071506,-0.035566,0.12018,-0.071067,-0.035735,-0.10777,-0.47321,-0.15948,0.19352,-0.47793,-0.11665,-0.091167,-0.88365,-0.062771,0.14393,-0.89209,-0.038197
117,0.029425,0.70344,0.001916,-0.13539,0.50363,-0.010987,-0.22756,0.73719,-0.1476,0.19904,0.49001,-0.001569,0.33265,0.72877,-0.11212,-0.24912,1.0002,-0.25966,0.37745,0.97783,-0.23087,-0.05584,-0.07331,-0.035219,0.12057,-0.07343,-0.035427,-0.10764,-0.47242,-0.16088,0.19459,-0.47773,-0.11857,-0.091167,-0.88365,-0.062771,0.14482,-0.89182,-0.038639
118,0.030916,0.7015,-0.001896,-0.13409,0.50171,-0.013908,-0.22679,0.7349,-0.15025,0.19992,0.48697,-0.005119,0.3341,0.72521,-0.11564,-0.24896,0.99819,-0.2641,0.37929,0.97561,-0.23603,-0.055708,-0.075165,-0.034836,0.12099,-0.075729,-0.035079,-0.10752,-0.47154,-0.16212,0.19557,-0.47757,-0.12035,-0.091169,-0.88365,-0.062749,0.14567,-0.89148,-0.039093
119,0.032356,0.69975,-0.005579,-0.13268,0.4998,-0.016887,-0.22609,0.73272,-0.15283,0.20069,0.48414,-0.008545,0.3356,0.72185,-0.11904,-0.24875,0.99612,-0.26865,0.38116,0.97332,-0.24142,-0.055596,-0.076835,-0.034247,0.12131,-0.077941,-0.034665,-0.1074,-0.47044,-0.16317,0.19654,-0.47744,-0.12197,-0.091171,-0.88365,-0.062731,0.14652,-0.89106,-0.039661
120,0.033644,0.69818,-0.009475,-0.13132,0.4977,-0.020133,-0.22533,0.73037,-0.15605,0.20133,0.48191,-0.01193,0.33698,0.71901,-0.12308,-0.2484,0.99403,-0.27377,0.38285,0.97133,-0.24723,-0.055482,-0.078496,-0.033429,0.12172,-0.07995,-0.034059,-0.10722,-0.46873,-0.16366,0.1974,-0.47677,-0.12331,-0.090954,-0.88213,-0.062689,0.14735,-0.88922,-0.040268
121,0.034817,0.69661,-0.013414,-0.13004,0.49594,-0.023248,-0.22453,0.72876,-0.15953,0.20204,0.47992,-0.015382,0.33811,0.71645,-0.12716,-0.248,0.9922,-0.2791,0.38445,0.96945,-0.25299,-0.055392,-0.079874,-0.032518,0.12211,-0.081602,-0.033366,-0.10702,-0.46728,-0.16412,0.19823,-0.47606,-0.12448,-0.090666,-0.8805,-0.062623,0.14775,-0.88761,-0.040258
122,0.035749,0.69552,-0.016819,-0.12883,0.49426,-0.02623,-0.22377,0.72719,-0.1631,0.20275,0.47823,-0.018513,0.33923,0.71416,-0.13122,-0.2475,0.99019,-0.28459,0.38602,0.96769,-0.25865,-0.055432,-0.081138,-0.031525,0.12249,-0.083105,-0.032515,-0.10681,-0.46588,-0.16443,0.19889,-0.47526,-0.1254,-0.090391,-0.87882,-0.062535,0.1481,-0.88579,-0.040238
123,0.036682,0.69424,-0.020068,-0.12745,0.49258,-0.029469,-0.223,0.72581,-0.16689,0.20353,0.47683,-0.021547,0.34015,0.71242,-0.13524,-0.24696,0.98828,-0.29025,0.38766,0.96615,-0.26431,-0.055439,-0.082316,-0.030579,0.12288,-0.084262,-0.031537,-0.10655,-0.46553,-0.16478,0.19953,-0.47428,-0.12601,-0.090132,-0.87732,-0.062395,0.1483,-0.88447,-0.040296
124,0.037565,0.69307,-0.023156,-0.12617,0.4912,-0.032498,-0.22218,0.7242,-0.17091,0.20431,0.47543,-0.02433,0.34115,0.71086,-0.13911,-0.24644,0.98629,-0.29568,0.38941,0.96454,-0.27025,-0.055268,-0.083256,-0.029698,0.12337,-0.085405,-0.030594,-0.10622,-0.46491,-0.16509,0.20015,-0.47329,-0.12659,-0.089689,-0.87591,-0.062176,0.14838,-0.88323,-0.04034
125,0.038443,0.69184,-0.026247,-0.12504,0.4896,-0.035255,-0.22148,0.72264,-0.17478,0.20513,0.47429,-0.027296,0.34197,0.70913,-0.14309,-0.24592,0.98381,-0.301,0.39111,0.96286,-0.27618,-0.055004,-0.084382,-0.028747,0.1239,-0.08649,-0.029608,-0.10582,-0.46436,-0.16548,0.20076,-0.47212,-0.1271,-0.089293,-0.87441,-0.061918,0.1485,-0.88212,-0.040658
126,0.039245,0.69058,-0.029069,-0.12394,0.48808,-0.037997,-0.22081,0.72087,-0.1786,0.20585,0.47314,-0.029876,0.34282,0.7076,-0.14706,-0.24536,0.98137,-0.30628,0.39263,0.96127,-0.28159,-0.054717,-0.08547,-0.027794,0.12444,-0.087538,-0.028601,-0.10534,-0.4631,-0.16586,0.20131,-0.47102,-0.12749,-0.088907,-0.87272,-0.061666,0.14856,-0.88187,-0.04107
127,0.039968,0.6893,-0.03173,-0.12302,0.48664,-0.040526,-0.22017,0.71927,-0.18241,0.2065,0.47202,-0.032085,0.34363,0.70616,-0.15081,-0.24482,0.97879,-0.31136,0.39415,0.95945,-0.28688,-0.054412,-0.086453,-0.026768,0.1249,-0.08867,-0.027494,-0.1048,-0.46189,-0.16627,0.20184,-0.46997,-0.12787,-0.088532,-0.87099,-0.061419,0.14865,-0.88132,-0.04129
128,0.040613,0.68798,-0.034365,-0.12226,0.48524,-0.042969,-0.21954,0.71746,-0.18619,0.20721,0.47108,-0.034292,0.34438,0.70471,-0.15449,-0.2442,0.9764,-0.31682,0.39561,0.95754,-0.29203,-0.054054,-0.087277,-0.025768,0.12539,-0.089842,-0.026264,-0.1042,-0.46079,-0.16668,0.20234,-0.46896,-0.12824,-0.088153,-0.86925,-0.061206,0.14865,-0.88022,-0.04129
129,0.041195,0.6863,-0.036762,-0.12154,0.48349,-0.045281,-0.21897,0.71545,-0.18968,0.20788,0.47002,-0.036179,0.34507,0.70299,-0.1577,-0.2436,0.97363,-0.32196,0.39705,0.9552,-0.29636,-0.053656,-0.087988,-0.024835,0.1259,-0.090751,-0.025061,-0.10363,-0.46079,-0.16715,0.20276,-0.4689,-0.12862,-0.087973,-0.86925,-0.061189,0.14866,-0.87931,-0.041301
130,0.041742,0.68464,-0.038989,-0.12091,0.48215,-0.047507,-0.21847,0.7133,-0.19323,0.20847,0.4693,-0.037798,0.34574,0.70143,-0.16062,-0.24305,0.9706,-0.32684,0.39838,0.95292,-0.30024,-0.053221,-0.088521,-0.023838,0.12641,-0.091391,-0.023882,-0.10305,-0.46079,-0.16759,0.20311,-0.4689,-0.12899,-0.087828,-0.86925,-0.061175,0.14875,-0.8786,-0.041407
131,0.042231,0.68293,-0.041459,-0.1203,0.4808,-0.049829,-0.21802,0.71096,-0.19699,0.20902,0.46842,-0.039549,0.34635,0.6999,-0.16326,-0.24244,0.9663,-0.33203,0.39976,0.94903,-0.30392,-0.052707,-0.089131,-0.022834,0.12698,-0.091974,-0.022711,-0.10247,-0.46079,-0.16801,0.20341,-0.4689,-0.12929,-0.087723,-0.86925,-0.061165,0.14873,-0.87841,-0.041181
132,0.042649,0.68006,-0.043983,-0.11984,0.47807,-0.051964,-0.21764,0.70777,-0.2006,0.20949,0.46668,-0.041201,0.34696,0.69765,-0.16598,-0.24174,0.96156,-0.33753,0.40107,0.94483,-0.30771,-0.052218,-0.090914,-0.021794,0.12755,-0.093874,-0.021405,-0.10191,-0.46155,-0.16858,0.20362,-0.46896,-0.1296,-0.087597,-0.86941,-0.061373,0.14866,-0.87869,-0.041378
133,0.043105,0.67727,-0.046521,-0.11939,0.47523,-0.05412,-0.21719,0.70448,-0.20424,0.20988,0.46492,-0.042812,0.34747,0.69533,-0.1687,-0.24098,0.95696,-0.34307,0.40224,0.94007,-0.3114,-0.051871,-0.092793,-0.020675,0.12792,-0.095846,-0.020073,-0.10164,-0.46222,-0.16914,0.20364,-0.46919,-0.12985,-0.087575,-0.86956,-0.061604,0.14866,-0.879,-0.041807
134,0.043472,0.67442,-0.048984,-0.119,0.47248,-0.056161,-0.21674,0.70128,-0.20795,0.21025,0.4632,-0.044315,0.34792,0.69323,-0.17095,-0.24015,0.9517,-0.34897,0.40334,0.93525,-0.31476,-0.051587,-0.09471,-0.01945,0.12818,-0.097814,-0.018608,-0.10141,-0.46281,-0.16956,0.20366,-0.46943,-0.13,-0.087553,-0.86972,-0.061834,0.1486,-0.87977,-0.042111
135,0.043834,0.67141,-0.051588,-0.11858,0.46972,-0.058124,-0.21628,0.69808,-0.2119,0.21057,0.46133,-0.045673,0.34827,0.69108,-0.17306,-0.23929,0.94635,-0.35464,0.4045,0.92989,-0.31834,-0.051326,-0.096732,-0.018136,0.12836,-0.099909,-0.016878,-0.10128,-0.46337,-0.16992,0.20367,-0.46973,-0.13012,-0.087531,-0.86988,-0.062063,0.14844,-0.88059,-0.042339
136,0.04421,0.66759,-0.054068,-0.11796,0.4664,-0.060017,-0.21573,0.69396,-0.21581,0.21083,0.45869,-0.047018,0.3486,0.68791,-0.17527,-0.23826,0.94096,-0.36061,0.40581,0.92333,-0.32188,-0.051075,-0.099475,-0.01682,0.12851,-0.10277,-0.015212,-0.10122,-0.46463,-0.1703,0.20352,-0.47088,-0.13024,-0.087854,-0.87069,-0.062502,0.14793,-0.88147,-0.042753
137,0.044457,0.66369,-0.056617,-0.11733,0.46264,-0.062071,-0.21517,0.68989,-0.2199,0.211,0.45538,-0.048449,0.34897,0.68432,-0.17728,-0.23711,0.93459,-0.36719,0.40684,0.91666,-0.32513,-0.05092,-0.10251,-0.015356,0.12857,-0.10587,-0.01335,-0.10118,-0.4657,-0.17066,0.2033,-0.47235,-0.13036,-0.088199,-0.87154,-0.062947,0.14741,-0.88238,-0.043191
138,0.044697,0.65981,-0.059127,-0.11679,0.45956,-0.063648,-0.2146,0.68556,-0.22386,0.21111,0.45233,-0.049604,0.34937,0.68077,-0.17939,-0.23599,0.92838,-0.37334,0.40773,0.90995,-0.32824,-0.050971,-0.10539,-0.013852,0.12841,-0.10876,-0.011503,-0.10116,-0.46678,-0.17095,0.20304,-0.47384,-0.13047,-0.088542,-0.87238,-0.063341,0.14685,-0.88319,-0.043535
139,0.044851,0.65601,-0.061759,-0.11619,0.45606,-0.065442,-0.21405,0.6813,-0.22776,0.21125,0.44887,-0.051045,0.34968,0.67691,-0.18155,-0.23497,0.92185,-0.3794,0.40856,0.90278,-0.33146,-0.051067,-0.10847,-0.012055,0.12821,-0.1119,-0.009152,-0.10113,-0.46797,-0.17122,0.20273,-0.47558,-0.13059,-0.088895,-0.87303,-0.063696,0.14634,-0.88401,-0.04411
140,0.044983,0.652,-0.064397,-0.11558,0.4519,-0.067462,-0.2135,0.67697,-0.2315,0.21138,0.44559,-0.052334,0.35005,0.6728,-0.18415,-0.23416,0.91598,-0.38524,0.40923,0.8969,-0.33494,-0.051273,-0.11182,-0.009898,0.12796,-0.11517,-0.006573,-0.10122,-0.46945,-0.17145,0.20238,-0.47754,-0.13075,-0.089238,-0.87366,-0.064048,0.14587,-0.88504,-0.044638
141,0.045103,0.64783,-0.067038,-0.11516,0.44773,-0.069569,-0.21291,0.67201,-0.23563,0.21146,0.44187,-0.053909,0.35034,0.66824,-0.18696,-0.23345,0.91017,-0.39057,0.40984,0.88901,-0.33829,-0.051477,-0.1154,-0.007769,0.12775,-0.11856,-0.004079,-0.1014,-0.47118,-0.17165,0.20199,-0.4799,-0.13089,-0.08957,-0.87429,-0.064341,0.14529,-0.88537,-0.044694
142,0.045234,0.6437,-0.069542,-0.1148,0.44372,-0.071515,-0.2124,0.66704,-0.23979,0.21143,0.43772,-0.055595,0.3506,0.66338,-0.18971,-0.23283,0.90412,-0.39571,0.41023,0.88153,-0.34151,-0.05169,-0.11897,-0.005552,0.12751,-0.12204,-0.001374,-0.10154,-0.47304,-0.17166,0.20157,-0.48242,-0.13101,-0.089889,-0.87504,-0.064629,0.14465,-0.88606,-0.044741
143,0.045269,0.63929,-0.072031,-0.11443,0.43985,-0.073429,-0.21192,0.66207,-0.24395,0.21139,0.4335,-0.057275,0.3509,0.65812,-0.19278,-0.23238,0.8987,-0.40067,0.41067,0.87377,-0.34497,-0.051971,-0.12239,-0.003333,0.12722,-0.12546,0.001352,-0.10165,-0.47495,-0.17167,0.20113,-0.485,-0.13115,-0.090216,-0.87577,-0.064911,0.1441,-0.88725,-0.044756
144,0.045296,0.6348,-0.074364,-0.11416,0.43514,-0.07532,-0.21152,0.65651,-0.24784,0.21129,0.42926,-0.059073,0.35128,0.65228,-0.1968,-0.23193,0.89322,-0.40564,0.41109,0.86629,-0.3484,-0.052343,-0.12604,-0.000984,0.12692,-0.12901,0.003999,-0.1018,-0.47719,-0.17169,0.20075,-0.4878,-0.13133,-0.090551,-0.87654,-0.065204,0.14363,-0.88849,-0.045066
145,0.045293,0.63116,-0.076806,-0.11396,0.43056,-0.077379,-0.21112,0.65123,-0.25162,0.21114,0.42559,-0.060924,0.35162,0.64713,-0.20096,-0.23143,0.8867,-0.41086,0.41142,0.8589,-0.352,-0.052668,-0.12916,0.001517,0.12665,-0.1319,0.006757,-0.10187,-0.47912,-0.17154,0.20069,-0.48989,-0.13145,-0.090556,-0.87665,-0.065299,0.1435,-0.88911,-0.045233
146,0.045276,0.6276,-0.079036,-0.11378,0.42627,-0.079228,-0.21077,0.64574,-0.2552,0.21093,0.4225,-0.062583,0.35186,0.6422,-0.20547,-0.23101,0.88043,-0.41522,0.41183,0.852,-0.35624,-0.052895,-0.13207,0.003887,0.1264,-0.1347,0.009367,-0.10189,-0.48135,-0.17134,0.20065,-0.4919,-0.1315,-0.090557,-0.87676,-0.065399,0.14341,-0.88958,-0.045299
147,0.045204,0.62399,-0.081193,-0.1136,0.42158,-0.081166,-0.21043,0.64042,-0.25882,0.21063,0.41885,-0.064628,0.35186,0.63704,-0.20979,-0.23058,0.87397,-0.41972,0.41227,0.84554,-0.36079,-0.053116,-0.13523,0.006283,0.12615,-0.13774,0.011988,-0.10191,-0.48372,-0.17107,0.20064,-0.49412,-0.13154,-0.090547,-0.87676,-0.065502,0.1433,-0.88998,-0.04531
148,0.04487,0.62019,-0.083342,-0.11366,0.41673,-0.082984,-0.21023,0.63486,-0.26219,0.21032,0.41553,-0.066424,0.35161,0.63193,-0.21445,-0.23067,0.86747,-0.42441,0.41247,0.8393,-0.366,-0.053236,-0.13834,0.008386,0.1261,-0.14065,0.014265,-0.1019,-0.48612,-0.1707,0.20065,-0.4963,-0.13158,-0.090464,-0.87676,-0.065603,0.14315,-0.89045,-0.045562
149,0.044557,0.6163,-0.085298,-0.11378,0.41259,-0.084454,-0.21006,0.62955,-0.26544,0.20995,0.41196,-0.068149,0.35132,0.62699,-0.21855,-0.23072,0.86138,-0.42898,0.41275,0.83345,-0.37134,-0.05341,-0.14125,0.010294,0.12607,-0.14351,0.016604,-0.10195,-0.48852,-0.17045,0.20066,-0.49842,-0.13166,-0.090358,-0.87676,-0.065719,0.143,-0.89076,-0.045882
150,0.044228,0.6123,-0.087312,-0.1139,0.40871,-0.085658,-0.20993,0.62458,-0.26841,0.2096,0.40855,-0.069552,0.35101,0.62201,-0.22273,-0.23089,0.85514,-0.43371,0.41304,0.82911,-0.37664,-0.053568,-0.144,0.012325,0.12605,-0.14616,0.019092,-0.10195,-0.49007,-0.16996,0.2006,-0.49977,-0.13167,-0.090147,-0.8766,-0.065837,0.14283,-0.8911,-0.046268
151,0.043881,0.60747,-0.089588,-0.11389,0.40422,-0.086901,-0.20973,0.61903,-0.27051,0.20944,0.40535,-0.07076,0.35154,0.61677,-0.22709,-0.23103,0.84857,-0.43817,0.41357,0.82432,-0.3822,-0.053751,-0.14715,0.014225,0.12582,-0.1491,0.021296,-0.10203,-0.49007,-0.17,0.20067,-0.49977,-0.13175,-0.090119,-0.87668,-0.066131,0.14286,-0.89159,-0.046593
152,0.043596,0.60289,-0.091676,-0.11384,0.39892,-0.088321,-0.20957,0.6132,-0.27212,0.20932,0.40155,-0.072021,0.35193,0.61123,-0.2311,-0.23113,0.84203,-0.44236,0.41408,0.81955,-0.38754,-0.054096,-0.15067,0.016367,0.12551,-0.15233,0.023521,-0.10207,-0.49007,-0.17009,0.20074,-0.49977,-0.13187,-0.090093,-0.87673,-0.066407,0.14297,-0.89214,-0.046982
153,0.043372,0.59835,-0.093811,-0.11371,0.39441,-0.089659,-0.20944,0.60763,-0.27351,0.20929,0.39731,-0.073228,0.35214,0.60572,-0.23381,-0.23128,0.83545,-0.44623,0.41457,0.81383,-0.39258,-0.05489,-0.15475,0.024131,0.12474,-0.15632,0.031349,-0.10208,-0.49007,-0.17009,0.20085,-0.49977,-0.13207,-0.090064,-0.87679,-0.066704,0.14317,-0.89267,-0.047257
154,0.043158,0.59387,-0.096102,-0.11361,0.38779,-0.09086,-0.20923,0.59954,-0.27497,0.20927,0.39209,-0.074264,0.35232,0.59906,-0.2362,-0.23143,0.82751,-0.44944,0.41505,0.80717,-0.39727,-0.055748,-0.16102,0.032129,0.12381,-0.16245,0.039938,-0.1034,-0.48916,-0.17468,0.20411,-0.49735,-0.1382,-0.090804,-0.87964,-0.07108,0.14604,-0.89402,-0.053259
155,0.043054,0.58938,-0.098435,-0.1135,0.38117,-0.091948,-0.20902,0.59134,-0.27626,0.2092,0.38658,-0.075246,0.35225,0.59243,-0.23802,-0.23157,0.81952,-0.45228,0.41552,0.80002,-0.40125,-0.05657,-0.16755,0.040287,0.12273,-0.16883,0.048535,-0.10472,-0.48811,-0.17956,0.20749,-0.49488,-0.1445,-0.091583,-0.88257,-0.075668,0.14893,-0.89544,-0.059385
156,0.043018,0.5849,-0.10065,-0.11339,0.37456,-0.093,-0.20884,0.58319,-0.2774,0.20915,0.38127,-0.075975,0.35222,0.58593,-0.2398,-0.23174,0.81165,-0.455,0.416,0.79228,-0.40455,-0.05737,-0.17404,0.048312,0.1214,-0.17528,0.056983,-0.10604,-0.48697,-0.18459,0.21091,-0.49212,-0.15099,-0.092165,-0.88556,-0.080226,0.15194,-0.89681,-0.065578
157,0.043115,0.58058,-0.1028,-0.11321,0.3682,-0.094054,-0.20871,0.57518,-0.27849,0.20905,0.37569,-0.076616,0.35221,0.57964,-0.24122,-0.23189,0.80364,-0.45735,0.41666,0.78443,-0.40713,-0.058181,-0.18072,0.056338,0.12004,-0.18185,0.065409,-0.10736,-0.48561,-0.18978,0.21417,-0.48917,-0.15756,-0.091998,-0.88554,-0.080603,0.1548,-0.89818,-0.071763
158,0.043191,0.57642,-0.10488,-0.11308,0.36185,-0.095034,-0.20865,0.5674,-0.2794,0.20894,0.36968,-0.077168,0.35245,0.5731,-0.2426,-0.23209,0.79597,-0.45939,0.41725,0.77646,-0.40937,-0.059032,-0.18755,0.064569,0.11864,-0.18856,0.073827,-0.10867,-0.48399,-0.19512,0.21729,-0.48606,-0.16401,-0.091811,-0.8854,-0.080976,0.15776,-0.89984,-0.078177
159,0.043274,0.57223,-0.10696,-0.11288,0.35535,-0.096022,-0.20859,0.55978,-0.2804,0.20889,0.36409,-0.077657,0.35267,0.56688,-0.24365,-0.23243,0.78827,-0.46163,0.41783,0.76846,-0.41146,-0.059871,-0.19435,0.072642,0.11719,-0.1952,0.082038,-0.10997,-0.4822,-0.20035,0.2204,-0.48277,-0.1705,-0.091569,-0.88514,-0.081366,0.1608,-0.90145,-0.084656
160,0.043357,0.56878,-0.10883,-0.11255,0.34927,-0.097041,-0.20854,0.55263,-0.28167,0.20885,0.35818,-0.078231,0.35294,0.56039,-0.24474,-0.23282,0.78082,-0.46423,0.4184,0.76101,-0.41332,-0.060819,-0.20078,0.080824,0.11556,-0.20163,0.090517,-0.11129,-0.48044,-0.2054,0.22352,-0.4793,-0.17704,-0.09131,-0.88491,-0.081623,0.16404,-0.90275,-0.091156
161,0.043447,0.56525,-0.11095,-0.11214,0.34357,-0.097902,-0.20846,0.54577,-0.28307,0.20871,0.35304,-0.078675,0.35314,0.55449,-0.24594,-0.23331,0.77348,-0.46682,0.41898,0.75357,-0.41534,-0.061825,-0.20694,0.088724,0.11386,-0.20777,0.098883,-0.11264,-0.47837,-0.21053,0.22665,-0.47572,-0.18352,-0.091092,-0.88475,-0.081815,0.16734,-0.90421,-0.097714
162,0.043545,0.56166,-0.11306,-0.11177,0.3378,-0.098807,-0.20835,0.53917,-0.2843,0.20847,0.34769,-0.079245,0.35333,0.54852,-0.24739,-0.23379,0.76625,-0.46963,0.41957,0.74719,-0.41757,-0.062317,-0.21242,0.090947,0.11268,-0.21313,0.10156,-0.114,-0.4769,-0.21553,0.22971,-0.47262,-0.18984,-0.091102,-0.8848,-0.082027,0.17052,-0.90575,-0.10438
163,0.043634,0.55811,-0.1149,-0.11158,0.33449,-0.099719,-0.20822,0.53545,-0.2854,0.20816,0.3432,-0.079903,0.35347,0.54374,-0.24886,-0.23437,0.761,-0.47286,0.41989,0.74256,-0.42023,-0.062695,-0.21554,0.092813,0.11194,-0.21637,0.1035,-0.1141,-0.4769,-0.21558,0.22981,-0.47262,-0.19024,-0.091094,-0.88498,-0.082122,0.1706,-0.9065,-0.10492
164,0.043789,0.55441,-0.11669,-0.11135,0.3313,-0.1007,-0.20816,0.53198,-0.28657,0.20789,0.33894,-0.080664,0.35361,0.53889,-0.25034,-0.23494,0.75627,-0.4762,0.4202,0.7379,-0.42303,-0.06302,-0.21843,0.094624,0.11138,-0.21924,0.10529,-0.11421,-0.4769,-0.21564,0.22992,-0.47262,-0.19049,-0.091045,-0.88519,-0.082216,0.17064,-0.90729,-0.10524
165,0.04396,0.55089,-0.11833,-0.11112,0.32833,-0.10162,-0.20805,0.52857,-0.28767,0.20768,0.33491,-0.08129,0.35374,0.53426,-0.25163,-0.23543,0.75163,-0.47955,0.4205,0.73353,-0.42613,-0.063254,-0.22114,0.096481,0.11109,-0.22189,0.10723,-0.11432,-0.4769,-0.21568,0.23007,-0.47262,-0.19052,-0.090997,-0.88568,-0.082312,0.17064,-0.908,-0.10524
166,0.044036,0.54712,-0.1199,-0.11096,0.32503,-0.10242,-0.20811,0.52493,-0.28994,0.20719,0.33085,-0.081996,0.35332,0.52928,-0.25326,-0.23584,0.74713,-0.48289,0.42078,0.72899,-0.42914,-0.063418,-0.22399,0.098191,0.11092,-0.2247,0.10902,-0.11435,-0.47816,-0.21593,0.23012,-0.47352,-0.19052,-0.090003,-0.88324,-0.078387,0.17061,-0.90896,-0.10525
167,0.044106,0.54356,-0.12135,-0.11081,0.32178,-0.1032,-0.20822,0.52125,-0.29218,0.20676,0.32729,-0.082676,0.353,0.52449,-0.25515,-0.23622,0.74252,-0.48624,0.42107,0.72456,-0.43217,-0.063542,-0.22647,0.099486,0.11078,-0.22726,0.11051,-0.11436,-0.47938,-0.21599,0.23011,-0.47441,-0.19052,-0.088965,-0.88079,-0.074229,0.17048,-0.90989,-0.10523
168,0.044113,0.54025,-0.12261,-0.11067,0.31885,-0.10395,-0.20832,0.5178,-0.29422,0.20633,0.32353,-0.083429,0.35276,0.51973,-0.25729,-0.23654,0.73833,-0.48918,0.42127,0.72048,-0.43497,-0.063515,-0.22896,0.10081,0.11064,-0.22979,0.11197,-0.11442,-0.48044,-0.21588,0.23009,-0.47551,-0.19045,-0.088093,-0.87826,-0.070122,0.17027,-0.91088,-0.10526
169,0.044116,0.53687,-0.12368,-0.11053,0.31589,-0.10461,-0.20834,0.51465,-0.29621,0.20601,0.32044,-0.084019,0.35246,0.51596,-0.25871,-0.23675,0.73457,-0.49188,0.4214,0.71662,-0.43758,-0.063496,-0.2314,0.10208,0.11059,-0.23211,0.11323,-0.11461,-0.48137,-0.2158,0.23007,-0.4766,-0.19028,-0.087992,-0.87826,-0.070055,0.17029,-0.91197,-0.10542
170,0.044088,0.53362,-0.1244,-0.11042,0.31333,-0.10513,-0.20834,0.51184,-0.29785,0.20572,0.3172,-0.084693,0.35217,0.51235,-0.25994,-0.23683,0.73109,-0.49434,0.42142,0.71323,-0.43994,-0.063555,-0.23376,0.10324,0.11053,-0.23441,0.11439,-0.11477,-0.48224,-0.21573,0.23006,-0.47762,-0.19008,-0.087946,-0.87826,-0.069983,0.17031,-0.91288,-0.10569
171,0.044103,0.53106,-0.12496,-0.11033,0.31117,-0.10544,-0.20827,0.50953,-0.29905,0.20549,0.31475,-0.085195,0.35196,0.5095,-0.2609,-0.23675,0.72817,-0.49629,0.42138,0.71001,-0.44203,-0.063567,-0.23576,0.10419,0.11052,-0.2364,0.11537,-0.11494,-0.48311,-0.21561,0.23004,-0.47858,-0.18992,-0.087877,-0.87826,-0.069882,0.17033,-0.91378,-0.10584
172,0.044119,0.52898,-0.12513,-0.11027,0.30972,-0.10544,-0.20822,0.50823,-0.29953,0.20533,0.31272,-0.085617,0.35188,0.5073,-0.26148,-0.23667,0.72661,-0.49716,0.42128,0.70753,-0.44358,-0.063459,-0.23726,0.10497,0.11063,-0.23786,0.1161,-0.11518,-0.48373,-0.21549,0.23019,-0.47948,-0.18973,-0.087877,-0.87901,-0.069882,0.17038,-0.91451,-0.10579
173,0.044119,0.52785,-0.12513,-0.11022,0.30901,-0.10543,-0.20822,0.50784,-0.29953,0.20528,0.31114,-0.085884,0.3518,0.50604,-0.26149,-0.23667,0.72612,-0.49716,0.42117,0.70637,-0.44428,-0.063328,-0.23807,0.10542,0.11079,-0.23881,0.11658,-0.11536,-0.48415,-0.21542,0.23049,-0.48015,-0.18962,-0.087926,-0.87973,-0.06998,0.17045,-0.91501,-0.10568
174,0.044119,0.52785,-0.12513,-0.11016,0.30901,-0.10542,-0.20822,0.50784,-0.29953,0.20529,0.31026,-0.085959,0.35169,0.50604,-0.2615,-0.23667,0.72612,-0.49716,0.42105,0.70637,-0.44429,-0.063249,-0.23807,0.1057,0.11088,-0.23896,0.11667,-0.11557,-0.48415,-0.21527,0.23082,-0.48062,-0.18942,-0.088009,-0.88065,-0.070052,0.17054,-0.91549,-0.1055
175,0.044155,0.52785,-0.12513,-0.11006,0.30901,-0.10533,-0.20822,0.50784,-0.29953,0.20529,0.31026,-0.085959,0.35169,0.50604,-0.2615,-0.23643,0.72612,-0.49713,0.42102,0.70637,-0.44429,-0.063249,-0.23807,0.1057,0.11091,-0.23896,0.11668,-0.1156,-0.48415,-0.21515,0.23116,-0.48062,-0.18912,-0.088116,-0.88121,-0.070096,0.1705,-0.9155,-0.10507
176,0.044303,0.52785,-0.12491,-0.10995,0.30901,-0.10503,-0.20807,0.50784,-0.29933,0.20529,0.31026,-0.085959,0.35168,0.50604,-0.26139,-0.23611,0.72612,-0.49708,0.42099,0.70637,-0.4443,-0.063249,-0.23807,0.1057,0.11098,-0.23896,0.11668,-0.11564,-0.48415,-0.21497,0.23146,-0.48062,-0.18885,-0.088856,-0.88455,-0.074086,0.1705,-0.9155,-0.10507
177,0.044508,0.52798,-0.12379,-0.10983,0.30974,-0.10436,-0.20784,0.50865,-0.2982,0.20537,0.31026,-0.085951,0.35159,0.50687,-0.26041,-0.23571,0.72719,-0.49565,0.42091,0.70715,-0.44396,-0.063247,-0.23792,0.10568,0.11098,-0.23896,0.11668,-0.11566,-0.48379,-0.21477,0.23175,-0.48062,-0.18838,-0.089685,-0.88738,-0.078284,0.17075,-0.9155,-0.10504
178,0.044764,0.52947,-0.12212,-0.10973,0.31184,-0.10348,-0.20768,0.51271,-0.29639,0.20609,0.31337,-0.085234,0.35201,0.5104,-0.25849,-0.23525,0.73117,-0.4939,0.42076,0.71043,-0.44237,-0.063297,-0.23595,0.10547,0.11101,-0.23731,0.11636,-0.11572,-0.48282,-0.21416,0.232,-0.48044,-0.18739,-0.090581,-0.88914,-0.082067,0.17107,-0.91549,-0.10485
179,0.045126,0.53213,-0.12002,-0.10963,0.31431,-0.10254,-0.20747,0.51735,-0.29428,0.20679,0.3178,-0.084259,0.35243,0.51573,-0.25647,-0.23472,0.7365,-0.49093,0.42053,0.7173,-0.44005,-0.063326,-0.23309,0.10487,0.11107,-0.23442,0.11565,-0.11578,-0.48156,-0.21345,0.23213,-0.47971,-0.18618,-0.091474,-0.89051,-0.086325,0.17172,-0.91514,-0.10489
180,0.045491,0.53829,-0.11756,-0.10969,0.3195,-0.101,-0.20712,0.52411,-0.29193,0.20749,0.32336,-0.082964,0.35249,0.52259,-0.25337,-0.23404,0.74415,-0.48752,0.42023,0.72566,-0.43687,-0.063442,-0.22883,0.10392,0.11113,-0.23039,0.11455,-0.11582,-0.47977,-0.21233,0.23215,-0.47807,-0.18491,-0.092372,-0.89143,-0.090606,0.17241,-0.91411,-0.10483
181,0.045992,0.5466,-0.11479,-0.10978,0.32687,-0.099433,-0.20677,0.53305,-0.28937,0.20833,0.33088,-0.081515,0.3528,0.53163,-0.24963,-0.2334,0.75422,-0.4836,0.41997,0.73604,-0.43295,-0.063635,-0.22257,0.1024,0.1111,-0.22445,0.11301,-0.11573,-0.47708,-0.21079,0.23198,-0.47549,-0.18313,-0.093371,-0.89192,-0.094989,0.17313,-0.91208,-0.10474
182,0.046554,0.55573,-0.11153,-0.10994,0.33496,-0.097719,-0.20646,0.54304,-0.28616,0.20918,0.33857,-0.079955,0.35303,0.54211,-0.24472,-0.23264,0.76589,-0.47828,0.41953,0.74812,-0.42836,-0.063928,-0.21555,0.10051,0.11093,-0.21792,0.11123,-0.11561,-0.47389,-0.20912,0.23181,-0.47245,-0.18134,-0.094576,-0.89206,-0.099417,0.17377,-0.9097,-0.10468
183,0.047098,0.56466,-0.10759,-0.11003,0.3444,-0.095881,-0.20611,0.55444,-0.28295,0.21004,0.3464,-0.078345,0.35347,0.55313,-0.23979,-0.23201,0.77886,-0.47306,0.41918,0.7613,-0.42324,-0.06427,-0.20746,0.098111,0.11066,-0.21043,0.10894,-0.11538,-0.47024,-0.20746,0.23162,-0.46911,-0.17939,-0.095825,-0.89206,-0.10389,0.17431,-0.90682,-0.10434
184,0.047482,0.57369,-0.10273,-0.11007,0.35348,-0.0943,-0.20581,0.56578,-0.27966,0.21116,0.35768,-0.075817,0.35398,0.56629,-0.23472,-0.2314,0.79182,-0.46766,0.41867,0.77599,-0.41773,-0.064698,-0.19886,0.095533,0.11012,-0.20219,0.10643,-0.11512,-0.46604,-0.20586,0.23131,-0.46533,-0.17718,-0.097111,-0.89206,-0.10842,0.1749,-0.90364,-0.10398
185,0.047738,0.58237,-0.097041,-0.11025,0.36368,-0.09241,-0.20553,0.57752,-0.27625,0.21224,0.36959,-0.073084,0.3545,0.57997,-0.22989,-0.2307,0.80514,-0.46221,0.41813,0.79055,-0.41219,-0.065225,-0.18985,0.092871,0.10934,-0.19344,0.10386,-0.11482,-0.4616,-0.20406,0.23082,-0.46123,-0.17473,-0.097649,-0.89206,-0.10876,0.17546,-0.90017,-0.10338
186,0.047838,0.59029,-0.091543,-0.11043,0.37332,-0.090564,-0.20533,0.58937,-0.27279,0.21319,0.38231,-0.070077,0.35505,0.59306,-0.22549,-0.22997,0.81825,-0.45711,0.41763,0.80456,-0.40637,-0.06575,-0.18072,0.089885,0.10861,-0.18437,0.10109,-0.11458,-0.45739,-0.20218,0.23005,-0.45701,-0.17224,-0.098104,-0.89158,-0.10894,0.1759,-0.89651,-0.10291
187,0.047835,0.59781,-0.085741,-0.11068,0.38314,-0.088728,-0.2051,0.60037,-0.2694,0.21353,0.39277,-0.067665,0.35541,0.60511,-0.22173,-0.22933,0.83052,-0.45212,0.41713,0.82054,-0.40122,-0.066099,-0.17196,0.087052,0.10787,-0.17575,0.09819,-0.1143,-0.45276,-0.2007,0.22911,-0.45263,-0.17033,-0.098545,-0.89057,-0.10899,0.17636,-0.89271,-0.10271
188,0.047705,0.60481,-0.080049,-0.11107,0.39424,-0.086419,-0.20479,0.61226,-0.26609,0.21394,0.40225,-0.065507,0.35556,0.61619,-0.21742,-0.22856,0.84354,-0.44736,0.41682,0.83345,-0.39621,-0.066453,-0.16225,0.083893,0.1069,-0.16705,0.094935,-0.11389,-0.44789,-0.1985,0.22788,-0.44844,-0.16818,-0.098986,-0.88624,-0.10936,0.17648,-0.88898,-0.1024
189,0.04751,0.60897,-0.07396,-0.11146,0.40335,-0.084545,-0.20467,0.62308,-0.26232,0.2144,0.4121,-0.063365,0.35582,0.62726,-0.21374,-0.22776,0.85555,-0.44194,0.4165,0.84621,-0.39178,-0.066637,-0.15308,0.080668,0.10577,-0.15851,0.09163,-0.11349,-0.44323,-0.19656,0.22635,-0.44446,-0.16603,-0.099508,-0.88206,-0.10923,0.1766,-0.88544,-0.10187
190,0.047175,0.61171,-0.067781,-0.11191,0.41114,-0.082509,-0.20464,0.63272,-0.258,0.21473,0.42011,-0.061383,0.35607,0.63682,-0.20995,-0.22693,0.86666,-0.43552,0.41601,0.85783,-0.38704,-0.066812,-0.14527,0.077587,0.10453,-0.15134,0.088421,-0.11305,-0.43941,-0.19488,0.22484,-0.44121,-0.16421,-0.099967,-0.87873,-0.10936,0.17675,-0.88262,-0.10163
191,0.046738,0.61423,-0.061562,-0.11237,0.4186,-0.08048,-0.20451,0.64206,-0.25357,0.21514,0.43006,-0.058595,0.35648,0.64637,-0.20715,-0.2262,0.87705,-0.42953,0.41555,0.86947,-0.38266,-0.066671,-0.13791,0.074686,0.10359,-0.14424,0.085084,-0.11285,-0.43588,-0.19328,0.22311,-0.43836,-0.1623,-0.10025,-0.87566,-0.1096,0.17674,-0.88024,-0.10117
192,0.046188,0.61691,-0.055782,-0.11284,0.42511,-0.07853,-0.20423,0.65078,-0.24864,0.21548,0.43998,-0.05583,0.35629,0.65587,-0.20388,-0.22534,0.88713,-0.42258,0.41505,0.88073,-0.3778,-0.066387,-0.13082,0.071725,0.103,-0.13722,0.081647,-0.11279,-0.43262,-0.19151,0.22128,-0.43582,-0.16033,-0.10056,-0.87287,-0.11003,0.17656,-0.87828,-0.10077
193,0.045713,0.61934,-0.050823,-0.1133,0.43181,-0.076534,-0.2041,0.65962,-0.24367,0.21543,0.44646,-0.053982,0.35596,0.66348,-0.20045,-0.22479,0.89755,-0.41516,0.41431,0.89125,-0.37216,-0.066292,-0.12443,0.068866,0.10242,-0.13104,0.078282,-0.11256,-0.42975,-0.18973,0.21957,-0.43368,-0.15864,-0.10086,-0.87038,-0.11024,0.17654,-0.87655,-0.10055
194,0.045301,0.62248,-0.046524,-0.11374,0.43719,-0.074841,-0.20429,0.66801,-0.23863,0.21541,0.45222,-0.052375,0.3556,0.67044,-0.19672,-0.2246,0.90768,-0.40734,0.41327,0.90195,-0.36581,-0.065993,-0.11856,0.065746,0.10231,-0.12524,0.07448,-0.11238,-0.42712,-0.18812,0.21782,-0.43175,-0.15699,-0.10122,-0.8682,-0.11009,0.17643,-0.87503,-0.10022
195,0.04487,0.62677,-0.042302,-0.11417,0.44219,-0.073308,-0.20447,0.67617,-0.23348,0.21537,0.45742,-0.050916,0.35517,0.67763,-0.19216,-0.22471,0.91782,-0.39895,0.41218,0.91209,-0.35965,-0.065836,-0.1132,0.06256,0.10202,-0.11988,0.070686,-0.11221,-0.42497,-0.18655,0.21604,-0.43006,-0.15531,-0.10153,-0.86643,-0.10989,0.17619,-0.87369,-0.099747
196,0.044323,0.63258,-0.038463,-0.11465,0.44932,-0.071153,-0.20495,0.68515,-0.22842,0.21526,0.4643,-0.049135,0.35465,0.68622,-0.18771,-0.22505,0.92893,-0.39054,0.41085,0.91973,-0.35376,-0.06557,-0.1064,0.059301,0.1017,-0.11327,0.066945,-0.11209,-0.42182,-0.18432,0.2141,-0.42769,-0.1529,-0.10177,-0.86368,-0.10942,0.17586,-0.87162,-0.098555
197,0.043738,0.63842,-0.03443,-0.11507,0.45621,-0.069143,-0.20543,0.69382,-0.22346,0.21516,0.47169,-0.047082,0.35432,0.69494,-0.18362,-0.22568,0.93964,-0.3822,0.40927,0.9279,-0.34718,-0.06509,-0.10064,0.056374,0.10169,-0.10692,0.063478,-0.11194,-0.41892,-0.18248,0.21198,-0.42533,-0.15058,-0.10191,-0.86118,-0.10898,0.17514,-0.86949,-0.096946
198,0.043147,0.64404,-0.030603,-0.11549,0.46299,-0.067071,-0.20587,0.70219,-0.21889,0.21497,0.47837,-0.045068,0.35388,0.70312,-0.17946,-0.22645,0.94989,-0.37417,0.40739,0.93554,-0.33998,-0.064553,-0.095106,0.053453,0.10169,-0.10099,0.059943,-0.11173,-0.41669,-0.18049,0.20979,-0.42367,-0.14802,-0.10225,-0.85939,-0.10828,0.17437,-0.86809,-0.095132
199,0.042626,0.64953,-0.027212,-0.1165,0.4745,-0.064232,-0.20678,0.71182,-0.2148,0.21476,0.48554,-0.042861,0.35322,0.7114,-0.17572,-0.22711,0.96097,-0.36731,0.40541,0.9432,-0.33348,-0.064025,-0.089207,0.050428,0.1019,-0.094665,0.056294,-0.11167,-0.41669,-0.17809,0.20721,-0.42367,-0.1453,-0.10221,-0.85896,-0.10755,0.17326,-0.86676,-0.093001
200,0.04209,0.655,-0.024223,-0.1175,0.4858,-0.061477,-0.20756,0.7213,-0.21111,0.21459,0.49272,-0.041105,0.35265,0.71917,-0.17189,-0.22774,0.97196,-0.36074,0.40333,0.95044,-0.3268,-0.063452,-0.083032,0.04746,0.10224,-0.088186,0.052779,-0.11157,-0.41669,-0.17553,0.20444,-0.42367,-0.14235,-0.10227,-0.85882,-0.10693,0.17191,-0.86676,-0.090637
201,0.041557,0.66056,-0.021009,-0.11841,0.49676,-0.058779,-0.20853,0.7304,-0.20751,0.21438,0.49995,-0.039341,0.3519,0.72702,-0.16844,-0.22837,0.98244,-0.35448,0.40106,0.95711,-0.32038,-0.062496,-0.076166,0.038199,0.10327,-0.081054,0.042898,-0.11148,-0.41669,-0.17164,0.20148,-0.42367,-0.13741,-0.10247,-0.85882,-0.10482,0.17027,-0.86676,-0.086258
202,0.041014,0.67616,-0.018104,-0.11939,0.50784,-0.055943,-0.20979,0.7401,-0.20378,0.21392,0.50785,-0.037523,0.35111,0.73498,-0.16557,-0.22906,0.99313,-0.34855,0.39874,0.96316,-0.31482,-0.061578,-0.067435,0.028616,0.10454,-0.071887,0.032534,-0.10937,-0.42009,-0.1643,0.19502,-0.42841,-0.12999,-0.10141,-0.85881,-0.099338,0.16603,-0.86691,-0.079398
203,0.040404,0.69099,-0.015519,-0.12027,0.51896,-0.053158,-0.21123,0.74947,-0.20064,0.21324,0.51622,-0.035688,0.35007,0.74376,-0.16312,-0.22986,1.0036,-0.3433,0.39647,0.9701,-0.31025,-0.060688,-0.058634,0.019322,0.10567,-0.062839,0.022694,-0.10722,-0.42372,-0.15709,0.18873,-0.43328,-0.12273,-0.10014,-0.85881,-0.093532,0.16133,-0.86717,-0.072218
204,0.039906,0.70504,-0.013421,-0.12119,0.53008,-0.050456,-0.21278,0.75908,-0.19813,0.21263,0.52382,-0.034112,0.34944,0.75109,-0.16182,-0.23091,1.0136,-0.33885,0.39413,0.97717,-0.30642,-0.059818,-0.04984,0.010244,0.10668,-0.053936,0.013058,-0.10508,-0.42759,-0.14982,0.18266,-0.43848,-0.11563,-0.098821,-0.8589,-0.08768,0.15673,-0.86773,-0.065101
205,0.039524,0.71747,-0.011633,-0.12201,0.53867,-0.048392,-0.21432,0.76624,-0.19573,0.2122,0.52863,-0.033019,0.34882,0.75605,-0.16059,-0.23193,1.0217,-0.33387,0.39198,0.98342,-0.30275,-0.058974,-0.04307,0.001402,0.10758,-0.046986,0.003713,-0.10295,-0.431,-0.14313,0.1767,-0.44364,-0.10893,-0.097552,-0.85892,-0.081782,0.1521,-0.86861,-0.058582
206,0.039145,0.72991,-0.009986,-0.12283,0.54638,-0.046558,-0.21568,0.77293,-0.19316,0.2118,0.53293,-0.032198,0.3481,0.76049,-0.15952,-0.2328,1.0289,-0.32918,0.39018,0.9893,-0.30005,-0.058415,-0.036723,-0.007278,0.10828,-0.040673,-0.005505,-0.10083,-0.4341,-0.13643,0.17079,-0.44935,-0.10193,-0.096083,-0.85905,-0.075922,0.14783,-0.86915,-0.052441
207,0.038772,0.74238,-0.008571,-0.12366,0.55421,-0.044646,-0.21693,0.77907,-0.19026,0.21141,0.53669,-0.031553,0.34747,0.76442,-0.15887,-0.23362,1.0359,-0.32437,0.38864,0.995,-0.29812,-0.058004,-0.030448,-0.015868,0.1089,-0.034345,-0.014705,-0.098698,-0.4369,-0.12966,0.16503,-0.45516,-0.094978,-0.094661,-0.85926,-0.070171,0.14366,-0.86967,-0.046531
208,0.038423,0.75493,-0.00685,-0.12391,0.55715,-0.043543,-0.21774,0.78369,-0.18716,0.21104,0.53987,-0.03109,0.34686,0.7678,-0.15837,-0.23428,1.0411,-0.31946,0.38725,1.0001,-0.29645,-0.057541,-0.02469,-0.024413,0.10963,-0.028677,-0.023767,-0.096395,-0.44105,-0.12308,0.15957,-0.46268,-0.088227,-0.093242,-0.86089,-0.064658,0.13971,-0.87159,-0.040819
209,0.038069,0.7674,-0.005051,-0.12418,0.56021,-0.042356,-0.21853,0.7878,-0.18407,0.2107,0.54112,-0.030949,0.34625,0.77048,-0.158,-0.23488,1.0459,-0.31464,0.38596,1.0042,-0.29513,-0.057241,-0.019268,-0.033071,0.11017,-0.023503,-0.0329,-0.094048,-0.44624,-0.11652,0.15438,-0.47059,-0.08167,-0.091864,-0.86283,-0.059303,0.13608,-0.874,-0.035409
210,0.037725,0.77972,-0.003439,-0.12448,0.56361,-0.040959,-0.2192,0.79145,-0.18139,0.21017,0.54326,-0.030617,0.34563,0.77333,-0.15776,-0.23538,1.0504,-0.31013,0.38484,1.0086,-0.29456,-0.057509,-0.014895,-0.035141,0.11016,-0.019358,-0.035355,-0.091655,-0.45113,-0.11127,0.14946,-0.47843,-0.076779,-0.090398,-0.86441,-0.055394,0.1327,-0.87609,-0.031971
211,0.037353,0.782,-0.001611,-0.12473,0.56661,-0.039696,-0.21954,0.79402,-0.17926,0.20987,0.54494,-0.030331,0.34506,0.77566,-0.15767,-0.23581,1.054,-0.30606,0.38385,1.0127,-0.29452,-0.05783,-0.012348,-0.036998,0.11014,-0.017353,-0.037192,-0.091311,-0.45254,-0.10935,0.14808,-0.48016,-0.07422,-0.090287,-0.86452,-0.054897,0.13204,-0.87797,-0.031042
212,0.036893,0.78438,0.000268,-0.12514,0.56925,-0.038396,-0.21991,0.79641,-0.17674,0.20953,0.54619,-0.029962,0.34464,0.7769,-0.15763,-0.2362,1.057,-0.30197,0.38296,1.0152,-0.2946,-0.058339,-0.010115,-0.038998,0.11006,-0.015483,-0.039153,-0.091152,-0.45312,-0.10717,0.14664,-0.48162,-0.071699,-0.090092,-0.86461,-0.054436,0.13181,-0.87867,-0.030594
213,0.036435,0.78644,0.002424,-0.12563,0.57178,-0.037163,-0.22026,0.79853,-0.1741,0.20914,0.5476,-0.029597,0.34402,0.77816,-0.15765,-0.23648,1.0602,-0.29785,0.3822,1.0172,-0.29467,-0.058775,-0.008283,-0.04088,0.11015,-0.013941,-0.040994,-0.09109,-0.45357,-0.10482,0.14521,-0.4826,-0.068767,-0.089866,-0.86463,-0.05402,0.13173,-0.87922,-0.030255
214,0.03596,0.78837,0.004728,-0.12615,0.57395,-0.035995,-0.22058,0.8006,-0.17161,0.20865,0.54916,-0.029116,0.34338,0.77957,-0.15783,-0.2367,1.0629,-0.29437,0.38146,1.0188,-0.29474,-0.059186,-0.006601,-0.042617,0.10987,-0.012497,-0.042966,-0.091143,-0.45316,-0.1021,0.14398,-0.48342,-0.065905,-0.089651,-0.86463,-0.053538,0.1317,-0.87946,-0.03007
215,0.035488,0.78985,0.006784,-0.12668,0.57594,-0.03488,-0.22087,0.80244,-0.16927,0.2081,0.55092,-0.028544,0.34277,0.78107,-0.15785,-0.23692,1.0656,-0.29107,0.38068,1.0201,-0.29498,-0.059564,-0.005024,-0.044268,0.10944,-0.010925,-0.045025,-0.091264,-0.45255,-0.099507,0.14294,-0.48342,-0.063608,-0.089401,-0.86463,-0.052994,0.13169,-0.87946,-0.029937
216,0.034995,0.79135,0.008789,-0.12721,0.57747,-0.033971,-0.22112,0.80476,-0.16734,0.20746,0.55285,-0.027908,0.34211,0.78261,-0.15791,-0.23708,1.0681,-0.28827,0.37986,1.0212,-0.29536,-0.059878,-0.003674,-0.045731,0.10892,-0.009588,-0.046936,-0.091511,-0.45172,-0.096929,0.14205,-0.48342,-0.061349,-0.089139,-0.86447,-0.052478,0.13168,-0.87946,-0.029783
217,0.034462,0.79276,0.010652,-0.12772,0.57871,-0.033193,-0.22134,0.80679,-0.16577,0.20677,0.55493,-0.027236,0.34145,0.78422,-0.15792,-0.2372,1.0703,-0.28563,0.37896,1.0222,-0.29576,-0.060104,-0.002508,-0.047008,0.1084,-0.008248,-0.048781,-0.091768,-0.45082,-0.094248,0.14132,-0.48347,-0.059104,-0.088872,-0.8643,-0.051961,0.13177,-0.87918,-0.029591
218,0.033871,0.79412,0.012505,-0.12825,0.57986,-0.03251,-0.22155,0.80909,-0.16449,0.20603,0.55711,-0.026585,0.34075,0.78587,-0.15794,-0.23721,1.0724,-0.28328,0.37804,1.0233,-0.29617,-0.060311,-0.001329,-0.048188,0.10785,-0.006829,-0.050552,-0.092032,-0.45023,-0.09149,0.14065,-0.48324,-0.056886,-0.088617,-0.86399,-0.051465,0.13197,-0.87885,-0.029283
219,0.033279,0.79544,0.014191,-0.12875,0.58053,-0.032161,-0.22174,0.81156,-0.1635,0.20542,0.55843,-0.026139,0.34001,0.78691,-0.15803,-0.23707,1.0744,-0.28121,0.37715,1.024,-0.29655,-0.060473,-0.000501,-0.049266,0.10734,-0.00574,-0.052129,-0.092257,-0.44955,-0.088635,0.13998,-0.4834,-0.054928,-0.088391,-0.86351,-0.051017,0.13218,-0.87851,-0.028964
220,0.032596,0.79684,0.015878,-0.12929,0.58131,-0.032052,-0.22193,0.81412,-0.16276,0.20478,0.55961,-0.025753,0.33927,0.78794,-0.15817,-0.23686,1.0764,-0.27928,0.37624,1.0248,-0.29694,-0.06064,0.000279,-0.05018,0.10687,-0.004635,-0.053637,-0.092781,-0.44883,-0.0856,0.13929,-0.48414,-0.052718,-0.088254,-0.86286,-0.050504,0.13239,-0.87836,-0.02853
221,0.032009,0.79812,0.017483,-0.12975,0.58215,-0.032096,-0.22213,0.81682,-0.16255,0.20418,0.56081,-0.025513,0.33859,0.78892,-0.15829,-0.23661,1.0787,-0.27768,0.37546,1.0255,-0.29731,-0.060765,0.001143,-0.051161,0.10642,-0.003586,-0.054987,-0.093455,-0.44849,-0.082642,0.13857,-0.48557,-0.050357,-0.088298,-0.86223,-0.05001,0.13253,-0.87825,-0.028102
222,0.031341,0.79939,0.018973,-0.13029,0.58278,-0.032148,-0.2223,0.81898,-0.16257,0.20354,0.56189,-0.025296,0.33804,0.78988,-0.15835,-0.23625,1.0805,-0.2764,0.37466,1.0263,-0.29767,-0.06093,0.002026,-0.052147,0.10595,-0.002558,-0.056326,-0.094184,-0.44837,-0.079549,0.1376,-0.4863,-0.0476,-0.088358,-0.86104,-0.049386,0.13267,-0.87783,-0.027652
223,0.030604,0.80063,0.020447,-0.13086,0.58348,-0.032203,-0.22247,0.82117,-0.16259,0.20281,0.5628,-0.025239,0.33742,0.79063,-0.15846,-0.23578,1.0827,-0.27501,0.37382,1.0271,-0.29813,-0.061163,0.002847,-0.053221,0.10533,-0.001529,-0.057589,-0.0949,-0.44828,-0.076906,0.13656,-0.48743,-0.04502,-0.088406,-0.85958,-0.048884,0.13275,-0.87737,-0.027233
224,0.029752,0.80191,0.021969,-0.13159,0.58415,-0.032387,-0.22266,0.82324,-0.1626,0.20206,0.5636,-0.025312,0.33687,0.79123,-0.15861,-0.23544,1.0848,-0.2741,0.37301,1.0278,-0.29864,-0.061448,0.003592,-0.054284,0.10463,-0.000769,-0.058646,-0.09558,-0.44734,-0.074279,0.13568,-0.48767,-0.042487,-0.088469,-0.85784,-0.048222,0.13282,-0.87674,-0.026472
225,0.028822,0.80316,0.023555,-0.13248,0.58477,-0.032603,-0.22287,0.82498,-0.1627,0.20125,0.56424,-0.025389,0.33637,0.79172,-0.15877,-0.23521,1.0866,-0.27338,0.37221,1.0286,-0.29921,-0.061777,0.004204,-0.055347,0.10402,-0.000209,-0.059521,-0.09627,-0.44632,-0.071877,0.13467,-0.48698,-0.039781,-0.088595,-0.85613,-0.047579,0.13289,-0.87611,-0.025742
226,0.027919,0.80429,0.025091,-0.13341,0.5853,-0.033001,-0.22311,0.82655,-0.16305,0.2004,0.56493,-0.025471,0.33592,0.79217,-0.15897,-0.23516,1.0885,-0.2728,0.37149,1.0292,-0.29978,-0.062131,0.004735,-0.056442,0.1034,0.000239,-0.060332,-0.096924,-0.44517,-0.069763,0.13374,-0.48636,-0.037172,-0.088798,-0.85441,-0.046911,0.13291,-0.87561,-0.024836
227,0.026332,0.80632,0.027145,-0.13478,0.58652,-0.034046,-0.22364,0.82855,-0.16387,0.19914,0.56611,-0.026022,0.33527,0.79278,-0.15964,-0.2352,1.0909,-0.27234,0.37045,1.0299,-0.30118,-0.062634,0.005876,-0.058012,0.10265,0.001241,-0.061508,-0.097644,-0.4429,-0.068172,0.13282,-0.48647,-0.034739,-0.08909,-0.85173,-0.046067,0.13284,-0.87456,-0.024164
228,0.02467,0.8083,0.029238,-0.13615,0.58776,-0.035292,-0.22424,0.8303,-0.16476,0.19788,0.56721,-0.02665,0.33466,0.79329,-0.16045,-0.23523,1.0932,-0.27204,0.36939,1.0305,-0.30273,-0.063115,0.006944,-0.059555,0.10191,0.002191,-0.062686,-0.098334,-0.44082,-0.066993,0.13203,-0.48725,-0.032609,-0.089421,-0.84903,-0.045216,0.13277,-0.87346,-0.023446
229,0.022856,0.81008,0.031305,-0.13738,0.58828,-0.036629,-0.22497,0.83181,-0.1657,0.19653,0.56825,-0.027357,0.33399,0.79373,-0.16138,-0.23524,1.0952,-0.27195,0.3683,1.0308,-0.30446,-0.063715,0.00797,-0.061325,0.10104,0.003084,-0.064035,-0.099072,-0.4388,-0.066234,0.13133,-0.48832,-0.03094,-0.089717,-0.84635,-0.044493,0.13272,-0.87246,-0.022864
230,0.020941,0.81181,0.033369,-0.1384,0.5884,-0.037982,-0.2257,0.83286,-0.16662,0.19509,0.56924,-0.028121,0.33324,0.79407,-0.16239,-0.23526,1.0967,-0.27179,0.36727,1.0312,-0.30624,-0.064292,0.008847,-0.062823,0.10015,0.003918,-0.06553,-0.09982,-0.4368,-0.06591,0.13073,-0.4889,-0.029519,-0.09003,-0.84376,-0.043786,0.13263,-0.87156,-0.022401
231,0.019053,0.81339,0.035262,-0.13926,0.5884,-0.039282,-0.22653,0.83362,-0.16749,0.19372,0.57022,-0.028855,0.33259,0.79436,-0.1634,-0.23541,1.098,-0.27155,0.36629,1.0313,-0.308,-0.064934,0.009657,-0.064412,0.099288,0.004732,-0.067117,-0.10061,-0.43482,-0.065986,0.13043,-0.48951,-0.029095,-0.090312,-0.84163,-0.043263,0.13249,-0.87101,-0.022003
232,0.017111,0.81491,0.037263,-0.14001,0.5884,-0.040422,-0.22743,0.83413,-0.16825,0.19253,0.57121,-0.029524,0.33208,0.79464,-0.1644,-0.23567,1.099,-0.27132,0.36539,1.0314,-0.30969,-0.065509,0.010401,-0.065955,0.098548,0.005534,-0.068617,-0.10144,-0.43304,-0.066065,0.13027,-0.48951,-0.028957,-0.090523,-0.83992,-0.042814,0.13231,-0.87031,-0.021637
233,0.015068,0.81638,0.039246,-0.14054,0.5884,-0.041392,-0.2283,0.83442,-0.16898,0.19145,0.57212,-0.030136,0.33154,0.79493,-0.16558,-0.23609,1.0997,-0.27117,0.36445,1.0314,-0.31147,-0.066021,0.011025,-0.067541,0.09794,0.006183,-0.0701,-0.10219,-0.43134,-0.066137,0.13012,-0.48951,-0.02889,-0.090656,-0.83848,-0.042612,0.13213,-0.86969,-0.021586
234,0.013084,0.81764,0.041055,-0.14131,0.58839,-0.042385,-0.22913,0.83488,-0.16977,0.19048,0.57305,-0.030704,0.33102,0.7952,-0.1668,-0.2367,1.1004,-0.27111,0.36356,1.0314,-0.31314,-0.066469,0.011655,-0.069146,0.097457,0.006856,-0.071558,-0.10287,-0.42968,-0.066357,0.13005,-0.48852,-0.028896,-0.09077,-0.83709,-0.042435,0.13192,-0.869,-0.021474
235,0.011007,0.81877,0.042886,-0.14207,0.58834,-0.043307,-0.22998,0.83527,-0.17042,0.1896,0.57378,-0.031232,0.33053,0.79538,-0.16796,-0.23754,1.1009,-0.27118,0.36269,1.0314,-0.31482,-0.066915,0.012298,-0.070794,0.097006,0.007537,-0.073075,-0.10348,-0.42807,-0.066766,0.12997,-0.48756,-0.028904,-0.090837,-0.83563,-0.04233,0.13173,-0.86855,-0.021477
236,0.009626,0.81887,0.04408,-0.1426,0.58836,-0.043684,-0.23054,0.83591,-0.17062,0.18918,0.57392,-0.031273,0.33026,0.79538,-0.16864,-0.23836,1.1009,-0.27123,0.3622,1.0314,-0.31564,-0.067218,0.0124,-0.071978,0.096747,0.00757,-0.074133,-0.10396,-0.42774,-0.067434,0.12989,-0.48756,-0.028912,-0.090894,-0.8352,-0.042336,0.13153,-0.86855,-0.021496
237,0.008291,0.81887,0.045199,-0.14317,0.58811,-0.043861,-0.23125,0.8361,-0.17082,0.18882,0.57392,-0.031308,0.33004,0.79538,-0.169,-0.23915,1.1009,-0.27131,0.36211,1.0312,-0.31609,-0.067579,0.0124,-0.073178,0.096422,0.00757,-0.07515,-0.10441,-0.42774,-0.068277,0.12984,-0.48678,-0.029295,-0.090934,-0.8352,-0.042339,0.1313,-0.86855,-0.021519
238,0.007216,0.81887,0.046024,-0.14372,0.58795,-0.043918,-0.23194,0.8361,-0.17104,0.18858,0.57392,-0.031331,0.32988,0.79538,-0.16924,-0.23985,1.1009,-0.27134,0.36213,1.0311,-0.31631,-0.067861,0.0124,-0.07417,0.09619,0.00757,-0.076037,-0.10473,-0.42742,-0.069194,0.1298,-0.48612,-0.029747,-0.090948,-0.8352,-0.042341,0.13103,-0.86855,-0.021735
239,0.00623,0.81887,0.046769,-0.14463,0.58697,-0.044021,-0.23272,0.83564,-0.17122,0.18831,0.57378,-0.031339,0.32978,0.79522,-0.16934,-0.24057,1.1007,-0.27108,0.36214,1.0308,-0.31644,-0.068241,0.012222,-0.075192,0.095883,0.007434,-0.076756,-0.10503,-0.4271,-0.069988,0.12968,-0.48612,-0.030144,-0.090981,-0.8352,-0.042483,0.13076,-0.8688,-0.022024
240,0.005334,0.81855,0.047591,-0.14559,0.58605,-0.044128,-0.23347,0.83519,-0.17133,0.18795,0.57337,-0.031237,0.32965,0.79454,-0.16939,-0.24132,1.1001,-0.2707,0.36215,1.0299,-0.31649,-0.068578,0.011848,-0.076037,0.095576,0.006939,-0.077319,-0.10541,-0.42687,-0.070814,0.12931,-0.48627,-0.030582,-0.091201,-0.83523,-0.042772,0.13036,-0.86946,-0.022405
241,0.004555,0.81816,0.048278,-0.14647,0.58576,-0.044241,-0.23417,0.83472,-0.17141,0.18748,0.57299,-0.031101,0.32948,0.79421,-0.16941,-0.24199,1.0996,-0.27034,0.36216,1.0291,-0.31649,-0.068997,0.011495,-0.076844,0.095197,0.00639,-0.077844,-0.10581,-0.42659,-0.071788,0.12893,-0.48683,-0.031222,-0.091381,-0.8355,-0.043055,0.12999,-0.87013,-0.022757
242,0.004019,0.81781,0.048827,-0.14709,0.58546,-0.0443,-0.23497,0.83421,-0.17147,0.1869,0.57268,-0.030881,0.32937,0.79375,-0.16942,-0.24264,1.0991,-0.27007,0.36228,1.0281,-0.31648,-0.069504,0.01114,-0.077604,0.094714,0.005769,-0.07832,-0.10626,-0.42649,-0.07261,0.12826,-0.48691,-0.031812,-0.091628,-0.8359,-0.043447,0.12963,-0.87082,-0.023102
243,0.003527,0.81742,0.049376,-0.14795,0.58513,-0.044333,-0.23588,0.83389,-0.17146,0.18636,0.57241,-0.030673,0.32926,0.79324,-0.16943,-0.24326,1.0986,-0.26988,0.36247,1.0272,-0.31646,-0.070048,0.01086,-0.07833,0.094196,0.005193,-0.078761,-0.10675,-0.42643,-0.073356,0.1276,-0.48669,-0.032482,-0.091906,-0.83639,-0.043811,0.1293,-0.87166,-0.023537
244,0.003069,0.81703,0.049932,-0.14877,0.58481,-0.044386,-0.23683,0.83356,-0.17144,0.18582,0.57212,-0.030451,0.32911,0.79275,-0.16924,-0.24386,1.098,-0.26969,0.36274,1.0262,-0.31635,-0.070635,0.010551,-0.078975,0.093587,0.004566,-0.079161,-0.10728,-0.42611,-0.07414,0.12697,-0.48614,-0.032962,-0.092177,-0.8369,-0.044133,0.12885,-0.87251,-0.023824
245,0.002605,0.81655,0.050513,-0.15005,0.58443,-0.044457,-0.2378,0.83323,-0.17143,0.18524,0.57179,-0.030231,0.32893,0.79218,-0.16885,-0.24449,1.0973,-0.26952,0.36311,1.0253,-0.31607,-0.07127,0.010275,-0.079573,0.092933,0.004012,-0.079518,-0.10778,-0.42576,-0.074945,0.12633,-0.486,-0.033504,-0.09244,-0.83725,-0.044454,0.12841,-0.87329,-0.024126
246,0.00215,0.81607,0.051103,-0.15081,0.58416,-0.044454,-0.23867,0.83298,-0.17146,0.18464,0.57143,-0.030002,0.32871,0.7916,-0.16834,-0.24517,1.0966,-0.26944,0.36356,1.0243,-0.31575,-0.071916,0.010008,-0.080086,0.092217,0.003489,-0.079814,-0.1083,-0.42539,-0.075722,0.12567,-0.48579,-0.034025,-0.092705,-0.83775,-0.044777,0.12801,-0.8741,-0.024421
247,0.001633,0.81561,0.051767,-0.15169,0.58428,-0.044418,-0.23943,0.83285,-0.17144,0.18403,0.57109,-0.029757,0.32846,0.79105,-0.16782,-0.2459,1.0958,-0.26935,0.36407,1.0234,-0.31532,-0.072599,0.009747,-0.080549,0.091487,0.002972,-0.080061,-0.10883,-0.42501,-0.076518,0.12498,-0.4861,-0.034546,-0.09297,-0.83841,-0.045093,0.12762,-0.87494,-0.024679
248,0.001084,0.81515,0.052497,-0.15222,0.58454,-0.044356,-0.24013,0.83283,-0.17142,0.1836,0.57071,-0.029417,0.32825,0.79057,-0.16728,-0.24665,1.0951,-0.26924,0.36464,1.0225,-0.31483,-0.073217,0.009514,-0.080906,0.090782,0.002531,-0.080266,-0.10934,-0.42465,-0.077251,0.12417,-0.48646,-0.035061,-0.093226,-0.83908,-0.04539,0.12722,-0.87577,-0.024849
249,0.000436,0.81488,0.053123,-0.15284,0.58454,-0.04425,-0.24079,0.83248,-0.17122,0.1833,0.57071,-0.029171,0.32809,0.7903,-0.16688,-0.2474,1.0946,-0.26926,0.36494,1.0221,-0.31442,-0.073841,0.009476,-0.081259,0.090107,0.002472,-0.080429,-0.10972,-0.42466,-0.077856,0.12363,-0.48649,-0.035552,-0.093245,-0.83938,-0.045507,0.12702,-0.87616,-0.02491
250,-0.000228,0.81464,0.053733,-0.15349,0.5846,-0.044092,-0.24158,0.83217,-0.17098,0.18308,0.57071,-0.028913,0.32794,0.79011,-0.16649,-0.24821,1.0941,-0.26929,0.36524,1.0218,-0.314,-0.074394,0.009476,-0.081574,0.089478,0.002434,-0.08049,-0.11003,-0.42472,-0.07832,0.12307,-0.48686,-0.035829,-0.093229,-0.83962,-0.045688,0.12692,-0.87654,-0.025067
251,-0.000906,0.81444,0.054349,-0.15422,0.5846,-0.043908,-0.24236,0.83184,-0.17078,0.1829,0.57071,-0.028684,0.3278,0.78993,-0.16611,-0.249,1.0936,-0.26929,0.3655,1.0216,-0.31352,-0.074905,0.009476,-0.081771,0.0889,0.002413,-0.080544,-0.11029,-0.42495,-0.078747,0.1228,-0.48654,-0.036082,-0.093223,-0.83983,-0.045753,0.12679,-0.87694,-0.025219
252,-0.001566,0.8143,0.054923,-0.15505,0.58476,-0.043725,-0.24312,0.83153,-0.1706,0.18271,0.57078,-0.028431,0.32762,0.78983,-0.16569,-0.24974,1.0931,-0.2693,0.36567,1.0214,-0.31293,-0.075477,0.009525,-0.081861,0.088267,0.002413,-0.080605,-0.11054,-0.42489,-0.079152,0.12251,-0.48672,-0.036192,-0.093222,-0.84021,-0.045761,0.12669,-0.87728,-0.025386
253,-0.002221,0.81408,0.055474,-0.15599,0.58429,-0.043438,-0.24389,0.83125,-0.17033,0.18235,0.57075,-0.02799,0.32744,0.78975,-0.1654,-0.2505,1.0927,-0.26924,0.36569,1.0212,-0.31215,-0.076071,0.009509,-0.081918,0.08765,0.002328,-0.080664,-0.11083,-0.4255,-0.079467,0.12221,-0.48699,-0.036317,-0.093215,-0.84059,-0.045836,0.12671,-0.8776,-0.025564
254,-0.002869,0.81382,0.056015,-0.15702,0.58375,-0.043047,-0.24472,0.83101,-0.17008,0.18184,0.57075,-0.027404,0.32719,0.78975,-0.16502,-0.25137,1.0923,-0.26921,0.36566,1.021,-0.3113,-0.076682,0.009487,-0.081976,0.087009,0.002288,-0.080661,-0.11117,-0.42634,-0.079713,0.1218,-0.48699,-0.036407,-0.093153,-0.84061,-0.045899,0.12667,-0.87801,-0.025815
255,-0.003523,0.81293,0.056519,-0.15728,0.58475,-0.042849,-0.24542,0.83135,-0.17019,0.18251,0.57096,-0.02764,0.32756,0.79016,-0.16561,-0.25192,1.092,-0.26918,0.36659,1.0207,-0.31094,-0.07685,0.009289,-0.082513,0.086837,0.002796,-0.08119,-0.11101,-0.42271,-0.080316,0.12155,-0.48666,-0.036246,-0.093318,-0.84006,-0.045763,0.12594,-0.87726,-0.024867
256,-0.003754,0.81301,0.056588,-0.15868,0.58496,-0.042863,-0.24627,0.83119,-0.17002,0.18265,0.57122,-0.027293,0.32765,0.79025,-0.16565,-0.25257,1.0918,-0.26911,0.36675,1.0205,-0.3097,-0.077706,0.009475,-0.082699,0.086028,0.002604,-0.081016,-0.11164,-0.43737,-0.079348,0.12158,-0.48613,-0.036704,-0.093027,-0.84061,-0.045252,0.12613,-0.87905,-0.024794
257,-0.004799,0.81323,0.057738,-0.16115,0.58736,-0.041931,-0.24731,0.8305,-0.16915,0.1802,0.57142,-0.025549,0.32666,0.78914,-0.16457,-0.25356,1.0907,-0.2687,0.36636,1.0203,-0.30768,-0.078546,0.009729,-0.082648,0.085059,0.002473,-0.08023,-0.1124,-0.43244,-0.079829,0.12136,-0.4887,-0.036593,-0.092699,-0.84312,-0.046257,0.12721,-0.88057,-0.026983
258,-0.005415,0.81356,0.058168,-0.16278,0.58881,-0.040956,-0.24831,0.83067,-0.16887,0.17877,0.57197,-0.024014,0.32595,0.78877,-0.16384,-0.25546,1.0915,-0.26881,0.3663,1.0199,-0.30697,-0.079199,0.010129,-0.082165,0.084469,0.002608,-0.079755,-0.11291,-0.42912,-0.080627,0.12011,-0.4855,-0.036637,-0.092563,-0.84289,-0.045799,0.12678,-0.87991,-0.026411
259,-0.006089,0.81387,0.058858,-0.16297,0.58869,-0.040814,-0.24932,0.83045,-0.16832,0.17794,0.5719,-0.022562,0.3247,0.78891,-0.16252,-0.25659,1.0909,-0.26854,0.36555,1.0195,-0.30455,-0.079659,0.009907,-0.081663,0.083935,0.002912,-0.079353,-0.11307,-0.42861,-0.080656,0.11991,-0.48712,-0.036592,-0.092495,-0.84298,-0.045463,0.12703,-0.879,-0.026134
260,-0.007482,0.80315,0.062531,-0.16425,0.57852,-0.038205,-0.25006,0.82003,-0.1653,0.17678,0.56143,-0.019476,0.32363,0.77866,-0.15907,-0.25828,1.0811,-0.26486,0.36394,1.0104,-0.299,-0.079948,-0.000591,-0.081233,0.083492,-0.00762,-0.078557,-0.11294,-0.43895,-0.082109,0.1199,-0.50013,-0.037766,-0.092348,-0.85321,-0.047972,0.12752,-0.88886,-0.029427
261,-0.008227,0.80339,0.063283,-0.16451,0.57851,-0.037943,-0.25099,0.81972,-0.16489,0.17599,0.5615,-0.018711,0.32282,0.7791,-0.15766,-0.25881,1.0805,-0.26491,0.36367,1.0101,-0.29835,-0.080181,-0.000593,-0.081143,0.083063,-0.00715,-0.078066,-0.11352,-0.43377,-0.083492,0.11995,-0.50002,-0.037893,-0.092442,-0.85328,-0.048017,0.1269,-0.8874,-0.029501
